[
    {
        "category": 1,
        "module": "/mnt/lustre/a2fs-work3/work/m23oc/m23oc/s2484724/miniconda3/envs/gmy-tool/lib/python3.8/site-packages/HlbGmyTool/Model/Generation.cpython-38-x86_64-linux-gnu.so",
        "phase": 3,
        "source": 2,
        "timestamp": 1722196327862,
        "type": 5
    },
    {
        "category": 1,
        "module": "/mnt/lustre/a2fs-work3/work/m23oc/m23oc/s2484724/miniconda3/envs/gmy-tool/lib/libz.so.1.2.13",
        "phase": 3,
        "source": 2,
        "timestamp": 1722196327863,
        "type": 5
    },
    {
        "category": 1,
        "module": "/lib64/ld-2.31.so",
        "phase": 3,
        "source": 2,
        "timestamp": 1722196327894,
        "type": 5
    },
    {
        "category": 1,
        "module": "/lib64/libc-2.31.so",
        "phase": 3,
        "source": 2,
        "timestamp": 1722196327901,
        "type": 5
    },
    {
        "category": 1,
        "content": 458989,
        "source": 2,
        "timestamp": 1722196328032,
        "type": 3
    },
    {
        "category": 1,
        "content": 917293,
        "source": 2,
        "timestamp": 1722196328137,
        "type": 3
    },
    {
        "category": 1,
        "content": 1375597,
        "source": 2,
        "timestamp": 1722196328144,
        "type": 3
    },
    {
        "category": 1,
        "content": 1834517,
        "source": 2,
        "timestamp": 1722196328157,
        "type": 3
    },
    {
        "category": 1,
        "content": 2292821,
        "source": 2,
        "timestamp": 1722196328168,
        "type": 3
    },
    {
        "category": 1,
        "content": 2751125,
        "source": 2,
        "timestamp": 1722196328176,
        "type": 3
    },
    {
        "category": 1,
        "content": 3209429,
        "source": 2,
        "timestamp": 1722196328184,
        "type": 3
    },
    {
        "category": 1,
        "content": 3668349,
        "source": 2,
        "timestamp": 1722196328193,
        "type": 3
    },
    {
        "category": 1,
        "content": 4126653,
        "source": 2,
        "timestamp": 1722196328201,
        "type": 3
    },
    {
        "category": 1,
        "content": 4584957,
        "source": 2,
        "timestamp": 1722196328210,
        "type": 3
    },
    {
        "category": 1,
        "content": 5043877,
        "source": 2,
        "timestamp": 1722196328219,
        "type": 3
    },
    {
        "category": 1,
        "content": 5502181,
        "source": 2,
        "timestamp": 1722196328227,
        "type": 3
    },
    {
        "category": 1,
        "content": 5960485,
        "source": 2,
        "timestamp": 1722196328236,
        "type": 3
    },
    {
        "category": 1,
        "content": 6419405,
        "source": 2,
        "timestamp": 1722196328244,
        "type": 3
    },
    {
        "category": 1,
        "content": 6877709,
        "source": 2,
        "timestamp": 1722196328254,
        "type": 3
    },
    {
        "category": 1,
        "content": 7336013,
        "source": 2,
        "timestamp": 1722196328263,
        "type": 3
    },
    {
        "category": 1,
        "content": 7794933,
        "source": 2,
        "timestamp": 1722196328272,
        "type": 3
    },
    {
        "category": 1,
        "content": 8253237,
        "source": 2,
        "timestamp": 1722196328280,
        "type": 3
    },
    {
        "category": 1,
        "content": 8711541,
        "source": 2,
        "timestamp": 1722196328289,
        "type": 3
    },
    {
        "category": 1,
        "content": 9169845,
        "source": 2,
        "timestamp": 1722196328298,
        "type": 3
    },
    {
        "category": 1,
        "content": 9628765,
        "source": 2,
        "timestamp": 1722196328307,
        "type": 3
    },
    {
        "category": 1,
        "content": 10087069,
        "source": 2,
        "timestamp": 1722196328315,
        "type": 3
    },
    {
        "category": 1,
        "content": 10545373,
        "source": 2,
        "timestamp": 1722196328324,
        "type": 3
    },
    {
        "category": 1,
        "content": 11004293,
        "source": 2,
        "timestamp": 1722196328332,
        "type": 3
    },
    {
        "category": 1,
        "content": 11462597,
        "source": 2,
        "timestamp": 1722196328341,
        "type": 3
    },
    {
        "category": 1,
        "content": 11920901,
        "source": 2,
        "timestamp": 1722196328349,
        "type": 3
    },
    {
        "category": 1,
        "content": 12379821,
        "source": 2,
        "timestamp": 1722196328357,
        "type": 3
    },
    {
        "category": 1,
        "content": 12838125,
        "source": 2,
        "timestamp": 1722196328364,
        "type": 3
    },
    {
        "category": 1,
        "content": 13296429,
        "source": 2,
        "timestamp": 1722196328372,
        "type": 3
    },
    {
        "category": 1,
        "content": 13754733,
        "source": 2,
        "timestamp": 1722196328383,
        "type": 3
    },
    {
        "category": 1,
        "content": 14213653,
        "source": 2,
        "timestamp": 1722196328391,
        "type": 3
    },
    {
        "category": 1,
        "content": 14671957,
        "source": 2,
        "timestamp": 1722196328399,
        "type": 3
    },
    {
        "category": 1,
        "content": 15130261,
        "source": 2,
        "timestamp": 1722196328407,
        "type": 3
    },
    {
        "category": 1,
        "content": 15589181,
        "source": 2,
        "timestamp": 1722196328415,
        "type": 3
    },
    {
        "category": 1,
        "content": 16047485,
        "source": 2,
        "timestamp": 1722196328424,
        "type": 3
    },
    {
        "category": 1,
        "content": 16505789,
        "source": 2,
        "timestamp": 1722196328432,
        "type": 3
    },
    {
        "category": 1,
        "content": 16964709,
        "source": 2,
        "timestamp": 1722196328440,
        "type": 3
    },
    {
        "category": 1,
        "content": 17423013,
        "source": 2,
        "timestamp": 1722196328448,
        "type": 3
    },
    {
        "category": 1,
        "content": 17881317,
        "source": 2,
        "timestamp": 1722196328456,
        "type": 3
    },
    {
        "category": 1,
        "content": 18339621,
        "source": 2,
        "timestamp": 1722196328464,
        "type": 3
    },
    {
        "category": 1,
        "content": 18798541,
        "source": 2,
        "timestamp": 1722196328473,
        "type": 3
    },
    {
        "category": 1,
        "content": 19256845,
        "source": 2,
        "timestamp": 1722196328481,
        "type": 3
    },
    {
        "category": 1,
        "content": 19715149,
        "source": 2,
        "timestamp": 1722196328489,
        "type": 3
    },
    {
        "category": 1,
        "content": 20174069,
        "source": 2,
        "timestamp": 1722196328497,
        "type": 3
    },
    {
        "category": 1,
        "content": 20632373,
        "source": 2,
        "timestamp": 1722196328505,
        "type": 3
    },
    {
        "category": 1,
        "content": 21090677,
        "source": 2,
        "timestamp": 1722196328513,
        "type": 3
    },
    {
        "category": 1,
        "content": 21549597,
        "source": 2,
        "timestamp": 1722196328521,
        "type": 3
    },
    {
        "category": 1,
        "content": 22007901,
        "source": 2,
        "timestamp": 1722196328529,
        "type": 3
    },
    {
        "category": 1,
        "content": 22466205,
        "source": 2,
        "timestamp": 1722196328537,
        "type": 3
    },
    {
        "category": 1,
        "content": 22924509,
        "source": 2,
        "timestamp": 1722196328545,
        "type": 3
    },
    {
        "category": 1,
        "content": 23383429,
        "source": 2,
        "timestamp": 1722196328555,
        "type": 3
    },
    {
        "category": 1,
        "content": 23841733,
        "source": 2,
        "timestamp": 1722196328563,
        "type": 3
    },
    {
        "category": 1,
        "content": 24300037,
        "source": 2,
        "timestamp": 1722196328572,
        "type": 3
    },
    {
        "category": 1,
        "content": 24758957,
        "source": 2,
        "timestamp": 1722196328580,
        "type": 3
    },
    {
        "category": 1,
        "content": 25217261,
        "source": 2,
        "timestamp": 1722196328589,
        "type": 3
    },
    {
        "category": 1,
        "content": 25675565,
        "source": 2,
        "timestamp": 1722196328597,
        "type": 3
    },
    {
        "category": 1,
        "content": 26134485,
        "source": 2,
        "timestamp": 1722196328605,
        "type": 3
    },
    {
        "category": 1,
        "content": 26592789,
        "source": 2,
        "timestamp": 1722196328672,
        "type": 3
    },
    {
        "category": 1,
        "content": 27051093,
        "source": 2,
        "timestamp": 1722196328682,
        "type": 3
    },
    {
        "category": 1,
        "content": 27509397,
        "source": 2,
        "timestamp": 1722196328694,
        "type": 3
    },
    {
        "category": 1,
        "content": 27968317,
        "source": 2,
        "timestamp": 1722196328702,
        "type": 3
    },
    {
        "category": 1,
        "content": 28426621,
        "source": 2,
        "timestamp": 1722196328711,
        "type": 3
    },
    {
        "category": 1,
        "content": 28884925,
        "source": 2,
        "timestamp": 1722196328720,
        "type": 3
    },
    {
        "category": 1,
        "content": 29343845,
        "source": 2,
        "timestamp": 1722196328728,
        "type": 3
    },
    {
        "category": 1,
        "content": 29802149,
        "source": 2,
        "timestamp": 1722196328737,
        "type": 3
    },
    {
        "category": 1,
        "content": 30260453,
        "source": 2,
        "timestamp": 1722196328745,
        "type": 3
    },
    {
        "category": 1,
        "module": "/mnt/lustre/a2fs-work3/work/m23oc/m23oc/s2484724/miniconda3/envs/gmy-tool/bin/python3.8",
        "phase": 3,
        "source": 2,
        "timestamp": 1722196328773,
        "type": 5
    }
]
[
    {
        "category": 1,
        "module": "/mnt/lustre/a2fs-work3/work/m23oc/m23oc/s2484724/miniconda3/envs/gmy-tool/lib/python3.8/site-packages/HlbGmyTool/Model/Generation.cpython-38-x86_64-linux-gnu.so",
        "phase": 3,
        "source": 2,
        "timestamp": 1722196327862,
        "type": 5
    },
    {
        "category": 1,
        "module": "/mnt/lustre/a2fs-work3/work/m23oc/m23oc/s2484724/miniconda3/envs/gmy-tool/lib/libz.so.1.2.13",
        "phase": 3,
        "source": 2,
        "timestamp": 1722196327863,
        "type": 5
    },
    {
        "category": 1,
        "module": "/lib64/ld-2.31.so",
        "phase": 3,
        "source": 2,
        "timestamp": 1722196327894,
        "type": 5
    },
    {
        "category": 1,
        "module": "/lib64/libc-2.31.so",
        "phase": 3,
        "source": 2,
        "timestamp": 1722196327901,
        "type": 5
    },
    {
        "category": 1,
        "content": 458989,
        "source": 2,
        "timestamp": 1722196328032,
        "type": 3
    },
    {
        "category": 1,
        "content": 917293,
        "source": 2,
        "timestamp": 1722196328137,
        "type": 3
    },
    {
        "category": 1,
        "content": 1375597,
        "source": 2,
        "timestamp": 1722196328144,
        "type": 3
    },
    {
        "category": 1,
        "content": 1834517,
        "source": 2,
        "timestamp": 1722196328157,
        "type": 3
    },
    {
        "category": 1,
        "content": 2292821,
        "source": 2,
        "timestamp": 1722196328168,
        "type": 3
    },
    {
        "category": 1,
        "content": 2751125,
        "source": 2,
        "timestamp": 1722196328176,
        "type": 3
    },
    {
        "category": 1,
        "content": 3209429,
        "source": 2,
        "timestamp": 1722196328184,
        "type": 3
    },
    {
        "category": 1,
        "content": 3668349,
        "source": 2,
        "timestamp": 1722196328193,
        "type": 3
    },
    {
        "category": 1,
        "content": 4126653,
        "source": 2,
        "timestamp": 1722196328201,
        "type": 3
    },
    {
        "category": 1,
        "content": 4584957,
        "source": 2,
        "timestamp": 1722196328210,
        "type": 3
    },
    {
        "category": 1,
        "content": 5043877,
        "source": 2,
        "timestamp": 1722196328219,
        "type": 3
    },
    {
        "category": 1,
        "content": 5502181,
        "source": 2,
        "timestamp": 1722196328227,
        "type": 3
    },
    {
        "category": 1,
        "content": 5960485,
        "source": 2,
        "timestamp": 1722196328236,
        "type": 3
    },
    {
        "category": 1,
        "content": 6419405,
        "source": 2,
        "timestamp": 1722196328244,
        "type": 3
    },
    {
        "category": 1,
        "content": 6877709,
        "source": 2,
        "timestamp": 1722196328254,
        "type": 3
    },
    {
        "category": 1,
        "content": 7336013,
        "source": 2,
        "timestamp": 1722196328263,
        "type": 3
    },
    {
        "category": 1,
        "content": 7794933,
        "source": 2,
        "timestamp": 1722196328272,
        "type": 3
    },
    {
        "category": 1,
        "content": 8253237,
        "source": 2,
        "timestamp": 1722196328280,
        "type": 3
    },
    {
        "category": 1,
        "content": 8711541,
        "source": 2,
        "timestamp": 1722196328289,
        "type": 3
    },
    {
        "category": 1,
        "content": 9169845,
        "source": 2,
        "timestamp": 1722196328298,
        "type": 3
    },
    {
        "category": 1,
        "content": 9628765,
        "source": 2,
        "timestamp": 1722196328307,
        "type": 3
    },
    {
        "category": 1,
        "content": 10087069,
        "source": 2,
        "timestamp": 1722196328315,
        "type": 3
    },
    {
        "category": 1,
        "content": 10545373,
        "source": 2,
        "timestamp": 1722196328324,
        "type": 3
    },
    {
        "category": 1,
        "content": 11004293,
        "source": 2,
        "timestamp": 1722196328332,
        "type": 3
    },
    {
        "category": 1,
        "content": 11462597,
        "source": 2,
        "timestamp": 1722196328341,
        "type": 3
    },
    {
        "category": 1,
        "content": 11920901,
        "source": 2,
        "timestamp": 1722196328349,
        "type": 3
    },
    {
        "category": 1,
        "content": 12379821,
        "source": 2,
        "timestamp": 1722196328357,
        "type": 3
    },
    {
        "category": 1,
        "content": 12838125,
        "source": 2,
        "timestamp": 1722196328364,
        "type": 3
    },
    {
        "category": 1,
        "content": 13296429,
        "source": 2,
        "timestamp": 1722196328372,
        "type": 3
    },
    {
        "category": 1,
        "content": 13754733,
        "source": 2,
        "timestamp": 1722196328383,
        "type": 3
    },
    {
        "category": 1,
        "content": 14213653,
        "source": 2,
        "timestamp": 1722196328391,
        "type": 3
    },
    {
        "category": 1,
        "content": 14671957,
        "source": 2,
        "timestamp": 1722196328399,
        "type": 3
    },
    {
        "category": 1,
        "content": 15130261,
        "source": 2,
        "timestamp": 1722196328407,
        "type": 3
    },
    {
        "category": 1,
        "content": 15589181,
        "source": 2,
        "timestamp": 1722196328415,
        "type": 3
    },
    {
        "category": 1,
        "content": 16047485,
        "source": 2,
        "timestamp": 1722196328424,
        "type": 3
    },
    {
        "category": 1,
        "content": 16505789,
        "source": 2,
        "timestamp": 1722196328432,
        "type": 3
    },
    {
        "category": 1,
        "content": 16964709,
        "source": 2,
        "timestamp": 1722196328440,
        "type": 3
    },
    {
        "category": 1,
        "content": 17423013,
        "source": 2,
        "timestamp": 1722196328448,
        "type": 3
    },
    {
        "category": 1,
        "content": 17881317,
        "source": 2,
        "timestamp": 1722196328456,
        "type": 3
    },
    {
        "category": 1,
        "content": 18339621,
        "source": 2,
        "timestamp": 1722196328464,
        "type": 3
    },
    {
        "category": 1,
        "content": 18798541,
        "source": 2,
        "timestamp": 1722196328473,
        "type": 3
    },
    {
        "category": 1,
        "content": 19256845,
        "source": 2,
        "timestamp": 1722196328481,
        "type": 3
    },
    {
        "category": 1,
        "content": 19715149,
        "source": 2,
        "timestamp": 1722196328489,
        "type": 3
    },
    {
        "category": 1,
        "content": 20174069,
        "source": 2,
        "timestamp": 1722196328497,
        "type": 3
    },
    {
        "category": 1,
        "content": 20632373,
        "source": 2,
        "timestamp": 1722196328505,
        "type": 3
    },
    {
        "category": 1,
        "content": 21090677,
        "source": 2,
        "timestamp": 1722196328513,
        "type": 3
    },
    {
        "category": 1,
        "content": 21549597,
        "source": 2,
        "timestamp": 1722196328521,
        "type": 3
    },
    {
        "category": 1,
        "content": 22007901,
        "source": 2,
        "timestamp": 1722196328529,
        "type": 3
    },
    {
        "category": 1,
        "content": 22466205,
        "source": 2,
        "timestamp": 1722196328537,
        "type": 3
    },
    {
        "category": 1,
        "content": 22924509,
        "source": 2,
        "timestamp": 1722196328545,
        "type": 3
    },
    {
        "category": 1,
        "content": 23383429,
        "source": 2,
        "timestamp": 1722196328555,
        "type": 3
    },
    {
        "category": 1,
        "content": 23841733,
        "source": 2,
        "timestamp": 1722196328563,
        "type": 3
    },
    {
        "category": 1,
        "content": 24300037,
        "source": 2,
        "timestamp": 1722196328572,
        "type": 3
    },
    {
        "category": 1,
        "content": 24758957,
        "source": 2,
        "timestamp": 1722196328580,
        "type": 3
    },
    {
        "category": 1,
        "content": 25217261,
        "source": 2,
        "timestamp": 1722196328589,
        "type": 3
    },
    {
        "category": 1,
        "content": 25675565,
        "source": 2,
        "timestamp": 1722196328597,
        "type": 3
    },
    {
        "category": 1,
        "content": 26134485,
        "source": 2,
        "timestamp": 1722196328605,
        "type": 3
    },
    {
        "category": 1,
        "content": 26592789,
        "source": 2,
        "timestamp": 1722196328672,
        "type": 3
    },
    {
        "category": 1,
        "content": 27051093,
        "source": 2,
        "timestamp": 1722196328682,
        "type": 3
    },
    {
        "category": 1,
        "content": 27509397,
        "source": 2,
        "timestamp": 1722196328694,
        "type": 3
    },
    {
        "category": 1,
        "content": 27968317,
        "source": 2,
        "timestamp": 1722196328702,
        "type": 3
    },
    {
        "category": 1,
        "content": 28426621,
        "source": 2,
        "timestamp": 1722196328711,
        "type": 3
    },
    {
        "category": 1,
        "content": 28884925,
        "source": 2,
        "timestamp": 1722196328720,
        "type": 3
    },
    {
        "category": 1,
        "content": 29343845,
        "source": 2,
        "timestamp": 1722196328728,
        "type": 3
    },
    {
        "category": 1,
        "content": 29802149,
        "source": 2,
        "timestamp": 1722196328737,
        "type": 3
    },
    {
        "category": 1,
        "content": 30260453,
        "source": 2,
        "timestamp": 1722196328745,
        "type": 3
    },
    {
        "category": 1,
        "module": "/mnt/lustre/a2fs-work3/work/m23oc/m23oc/s2484724/miniconda3/envs/gmy-tool/bin/python3.8",
        "phase": 3,
        "source": 2,
        "timestamp": 1722196328773,
        "type": 5
    }
]
