[
    {
        "category": 1,
        "module": "/lib64/ld-2.31.so",
        "phase": 3,
        "source": 2,
        "timestamp": 1721334174899,
        "type": 5
    },
    {
        "category": 1,
        "module": "/mnt/lustre/a2fs-work3/work/m23oc/m23oc/s2484724/miniconda3/envs/gmy-tool/bin/python3.8",
        "phase": 3,
        "source": 2,
        "timestamp": 1721334174977,
        "type": 5
    },
    {
        "category": 1,
        "module": "/lib64/libc-2.31.so",
        "phase": 3,
        "source": 2,
        "timestamp": 1721334174989,
        "type": 5
    },
    {
        "category": 1,
        "module": "/mnt/lustre/a2fs-work3/work/m23oc/m23oc/s2484724/miniconda3/envs/gmy-tool/lib/libvtkWrappingPythonCore3.8-9.1.so.9.1.0",
        "phase": 3,
        "source": 2,
        "timestamp": 1721334208612,
        "type": 5
    },
    {
        "category": 1,
        "module": "/mnt/lustre/a2fs-work3/work/m23oc/m23oc/s2484724/miniconda3/envs/gmy-tool/lib/python3.8/site-packages/vtkmodules/vtkIOSQL.cpython-38-x86_64-linux-gnu.so",
        "phase": 3,
        "source": 2,
        "timestamp": 1721334441113,
        "type": 5
    },
    {
        "category": 1,
        "content": 2575464,
        "source": 2,
        "timestamp": 1721334488807,
        "type": 3
    },
    {
        "category": 1,
        "content": 5150344,
        "source": 2,
        "timestamp": 1721334488819,
        "type": 3
    },
    {
        "category": 1,
        "module": "/lib64/libpthread-2.31.so",
        "phase": 3,
        "source": 2,
        "timestamp": 1721334493831,
        "type": 5
    },
    {
        "category": 1,
        "module": "/mnt/lustre/a2fs-work3/work/m23oc/m23oc/s2484724/miniconda3/envs/gmy-tool/lib/libcrypto.so.1.1",
        "phase": 3,
        "source": 2,
        "timestamp": 1721334498001,
        "type": 5
    },
    {
        "category": 1,
        "content": 7725336,
        "source": 2,
        "timestamp": 1721334500477,
        "type": 3
    },
    {
        "category": 1,
        "module": "/mnt/lustre/a2fs-work3/work/m23oc/m23oc/s2484724/miniconda3/envs/gmy-tool/lib/libvtkCommonCore-9.1.so.9.1.0",
        "phase": 3,
        "source": 2,
        "timestamp": 1721334500822,
        "type": 5
    },
    {
        "category": 1,
        "module": "/mnt/lustre/a2fs-work3/work/m23oc/m23oc/s2484724/miniconda3/envs/gmy-tool/lib/libvtkCommonDataModel-9.1.so.9.1.0",
        "phase": 3,
        "source": 2,
        "timestamp": 1721334501020,
        "type": 5
    },
    {
        "category": 1,
        "module": "/mnt/lustre/a2fs-work3/work/m23oc/m23oc/s2484724/miniconda3/envs/gmy-tool/lib/python3.8/site-packages/vtkmodules/vtkCommonDataModel.cpython-38-x86_64-linux-gnu.so",
        "phase": 3,
        "source": 2,
        "timestamp": 1721334501145,
        "type": 5
    },
    {
        "category": 1,
        "module": "/mnt/lustre/a2fs-work3/work/m23oc/m23oc/s2484724/miniconda3/envs/gmy-tool/lib/libitkgdcmcharls-5.2.so.1",
        "phase": 3,
        "source": 2,
        "timestamp": 1721334524180,
        "type": 5
    },
    {
        "category": 1,
        "module": "/mnt/lustre/a2fs-work3/work/m23oc/m23oc/s2484724/miniconda3/envs/gmy-tool/lib/libvtksys-9.1.so.9.1.0",
        "phase": 3,
        "source": 2,
        "timestamp": 1721334524247,
        "type": 5
    },
    {
        "category": 1,
        "module": "/mnt/lustre/a2fs-work3/work/m23oc/m23oc/s2484724/miniconda3/envs/gmy-tool/lib/libitkv3p_netlib-5.2.so.1",
        "phase": 3,
        "source": 2,
        "timestamp": 1721334524253,
        "type": 5
    },
    {
        "category": 1,
        "module": "/mnt/lustre/a2fs-work3/work/m23oc/m23oc/s2484724/miniconda3/envs/gmy-tool/lib/python3.8/site-packages/vtkmodules/vtkCommonExecutionModel.cpython-38-x86_64-linux-gnu.so",
        "phase": 3,
        "source": 2,
        "timestamp": 1721334526847,
        "type": 5
    },
    {
        "category": 1,
        "content": 10300376,
        "source": 2,
        "timestamp": 1721334526886,
        "type": 3
    },
    {
        "category": 1,
        "module": "/mnt/lustre/a2fs-work3/work/m23oc/m23oc/s2484724/miniconda3/envs/gmy-tool/lib/libvtkCommonTransforms-9.1.so.9.1.0",
        "phase": 3,
        "source": 2,
        "timestamp": 1721334526964,
        "type": 5
    },
    {
        "category": 1,
        "module": "/mnt/lustre/a2fs-work3/work/m23oc/m23oc/s2484724/miniconda3/envs/gmy-tool/lib/libz.so.1.2.13",
        "phase": 3,
        "source": 2,
        "timestamp": 1721334527310,
        "type": 5
    },
    {
        "category": 1,
        "content": 12875688,
        "source": 2,
        "timestamp": 1721334527348,
        "type": 3
    },
    {
        "category": 1,
        "content": 15450320,
        "source": 2,
        "timestamp": 1721334527397,
        "type": 3
    },
    {
        "category": 1,
        "content": 18025200,
        "source": 2,
        "timestamp": 1721334527442,
        "type": 3
    },
    {
        "category": 1,
        "content": 20600696,
        "source": 2,
        "timestamp": 1721334527488,
        "type": 3
    },
    {
        "category": 1,
        "content": 23175576,
        "source": 2,
        "timestamp": 1721334527533,
        "type": 3
    },
    {
        "category": 1,
        "content": 25750456,
        "source": 2,
        "timestamp": 1721334527580,
        "type": 3
    },
    {
        "category": 1,
        "content": 28325336,
        "source": 2,
        "timestamp": 1721334527626,
        "type": 3
    },
    {
        "category": 1,
        "content": 30900832,
        "source": 2,
        "timestamp": 1721334527674,
        "type": 3
    },
    {
        "category": 1,
        "content": 33475712,
        "source": 2,
        "timestamp": 1721334527721,
        "type": 3
    },
    {
        "category": 1,
        "content": 36050592,
        "source": 2,
        "timestamp": 1721334527775,
        "type": 3
    },
    {
        "category": 1,
        "content": 38625472,
        "source": 2,
        "timestamp": 1721334527904,
        "type": 3
    },
    {
        "category": 1,
        "content": 41200352,
        "source": 2,
        "timestamp": 1721334527956,
        "type": 3
    },
    {
        "category": 1,
        "content": 43775848,
        "source": 2,
        "timestamp": 1721334528009,
        "type": 3
    },
    {
        "category": 1,
        "content": 46350728,
        "source": 2,
        "timestamp": 1721334528061,
        "type": 3
    },
    {
        "category": 1,
        "content": 48925608,
        "source": 2,
        "timestamp": 1721334528110,
        "type": 3
    },
    {
        "category": 1,
        "content": 51500488,
        "source": 2,
        "timestamp": 1721334528157,
        "type": 3
    },
    {
        "category": 1,
        "content": 54075984,
        "source": 2,
        "timestamp": 1721334528205,
        "type": 3
    },
    {
        "category": 1,
        "content": 56650864,
        "source": 2,
        "timestamp": 1721334528252,
        "type": 3
    },
    {
        "category": 1,
        "content": 59225744,
        "source": 2,
        "timestamp": 1721334528305,
        "type": 3
    },
    {
        "category": 1,
        "content": 61800624,
        "source": 2,
        "timestamp": 1721334528426,
        "type": 3
    },
    {
        "category": 1,
        "content": 64376120,
        "source": 2,
        "timestamp": 1721334528478,
        "type": 3
    },
    {
        "category": 1,
        "content": 66951000,
        "source": 2,
        "timestamp": 1721334528541,
        "type": 3
    },
    {
        "category": 1,
        "content": 69525880,
        "source": 2,
        "timestamp": 1721334528594,
        "type": 3
    },
    {
        "category": 1,
        "content": 72100760,
        "source": 2,
        "timestamp": 1721334528643,
        "type": 3
    },
    {
        "category": 1,
        "content": 74675640,
        "source": 2,
        "timestamp": 1721334528691,
        "type": 3
    },
    {
        "category": 1,
        "content": 77251136,
        "source": 2,
        "timestamp": 1721334528738,
        "type": 3
    },
    {
        "category": 1,
        "content": 79826016,
        "source": 2,
        "timestamp": 1721334528786,
        "type": 3
    },
    {
        "category": 1,
        "content": 82400896,
        "source": 2,
        "timestamp": 1721334528892,
        "type": 3
    },
    {
        "category": 1,
        "content": 84975776,
        "source": 2,
        "timestamp": 1721334528944,
        "type": 3
    },
    {
        "category": 1,
        "content": 87551272,
        "source": 2,
        "timestamp": 1721334528995,
        "type": 3
    },
    {
        "category": 1,
        "content": 90126152,
        "source": 2,
        "timestamp": 1721334529046,
        "type": 3
    },
    {
        "category": 1,
        "content": 92701032,
        "source": 2,
        "timestamp": 1721334529096,
        "type": 3
    },
    {
        "category": 1,
        "content": 95275912,
        "source": 2,
        "timestamp": 1721334529144,
        "type": 3
    },
    {
        "category": 1,
        "content": 97851408,
        "source": 2,
        "timestamp": 1721334529190,
        "type": 3
    },
    {
        "category": 1,
        "content": 100426288,
        "source": 2,
        "timestamp": 1721334529238,
        "type": 3
    },
    {
        "category": 1,
        "content": 103001168,
        "source": 2,
        "timestamp": 1721334529286,
        "type": 3
    },
    {
        "category": 1,
        "content": 105576048,
        "source": 2,
        "timestamp": 1721334529334,
        "type": 3
    },
    {
        "category": 1,
        "content": 108150928,
        "source": 2,
        "timestamp": 1721334529382,
        "type": 3
    },
    {
        "category": 1,
        "content": 110726424,
        "source": 2,
        "timestamp": 1721334529518,
        "type": 3
    },
    {
        "category": 1,
        "content": 113301304,
        "source": 2,
        "timestamp": 1721334529569,
        "type": 3
    },
    {
        "category": 1,
        "content": 115876184,
        "source": 2,
        "timestamp": 1721334529621,
        "type": 3
    },
    {
        "category": 1,
        "content": 118451064,
        "source": 2,
        "timestamp": 1721334529673,
        "type": 3
    },
    {
        "category": 1,
        "content": 121026560,
        "source": 2,
        "timestamp": 1721334529723,
        "type": 3
    },
    {
        "category": 1,
        "content": 123601440,
        "source": 2,
        "timestamp": 1721334529773,
        "type": 3
    },
    {
        "category": 1,
        "content": 126176320,
        "source": 2,
        "timestamp": 1721334529846,
        "type": 3
    },
    {
        "category": 1,
        "content": 128751200,
        "source": 2,
        "timestamp": 1721334529895,
        "type": 3
    },
    {
        "category": 1,
        "content": 131326696,
        "source": 2,
        "timestamp": 1721334529944,
        "type": 3
    },
    {
        "category": 1,
        "content": 133901576,
        "source": 2,
        "timestamp": 1721334529991,
        "type": 3
    },
    {
        "category": 1,
        "content": 136476456,
        "source": 2,
        "timestamp": 1721334530039,
        "type": 3
    },
    {
        "category": 1,
        "content": 139051336,
        "source": 2,
        "timestamp": 1721334530176,
        "type": 3
    },
    {
        "category": 1,
        "content": 141626216,
        "source": 2,
        "timestamp": 1721334530228,
        "type": 3
    },
    {
        "category": 1,
        "content": 144201712,
        "source": 2,
        "timestamp": 1721334530280,
        "type": 3
    },
    {
        "category": 1,
        "content": 146776592,
        "source": 2,
        "timestamp": 1721334530333,
        "type": 3
    },
    {
        "category": 1,
        "content": 149351472,
        "source": 2,
        "timestamp": 1721334530384,
        "type": 3
    },
    {
        "category": 1,
        "content": 151926352,
        "source": 2,
        "timestamp": 1721334530443,
        "type": 3
    },
    {
        "category": 1,
        "content": 154501848,
        "source": 2,
        "timestamp": 1721334530492,
        "type": 3
    },
    {
        "category": 1,
        "content": 157076728,
        "source": 2,
        "timestamp": 1721334530541,
        "type": 3
    },
    {
        "category": 1,
        "content": 159651608,
        "source": 2,
        "timestamp": 1721334530653,
        "type": 3
    },
    {
        "category": 1,
        "content": 162226488,
        "source": 2,
        "timestamp": 1721334530705,
        "type": 3
    },
    {
        "category": 1,
        "content": 164801368,
        "source": 2,
        "timestamp": 1721334530757,
        "type": 3
    },
    {
        "category": 1,
        "content": 167376864,
        "source": 2,
        "timestamp": 1721334530809,
        "type": 3
    },
    {
        "category": 1,
        "content": 169951744,
        "source": 2,
        "timestamp": 1721334530861,
        "type": 3
    },
    {
        "category": 1,
        "content": 172526624,
        "source": 2,
        "timestamp": 1721334530910,
        "type": 3
    },
    {
        "category": 1,
        "content": 175101504,
        "source": 2,
        "timestamp": 1721334530957,
        "type": 3
    },
    {
        "category": 1,
        "content": 177677000,
        "source": 2,
        "timestamp": 1721334531005,
        "type": 3
    },
    {
        "category": 1,
        "content": 180251880,
        "source": 2,
        "timestamp": 1721334531052,
        "type": 3
    },
    {
        "category": 1,
        "content": 182826760,
        "source": 2,
        "timestamp": 1721334531168,
        "type": 3
    },
    {
        "category": 1,
        "content": 185401640,
        "source": 2,
        "timestamp": 1721334531220,
        "type": 3
    },
    {
        "category": 1,
        "content": 187977136,
        "source": 2,
        "timestamp": 1721334531271,
        "type": 3
    },
    {
        "category": 1,
        "content": 190552016,
        "source": 2,
        "timestamp": 1721334531324,
        "type": 3
    },
    {
        "category": 1,
        "content": 193126896,
        "source": 2,
        "timestamp": 1721334531375,
        "type": 3
    },
    {
        "category": 1,
        "content": 195701776,
        "source": 2,
        "timestamp": 1721334531424,
        "type": 3
    },
    {
        "category": 1,
        "content": 198276656,
        "source": 2,
        "timestamp": 1721334531472,
        "type": 3
    },
    {
        "category": 1,
        "content": 200852152,
        "source": 2,
        "timestamp": 1721334531521,
        "type": 3
    },
    {
        "category": 1,
        "content": 203427032,
        "source": 2,
        "timestamp": 1721334531570,
        "type": 3
    },
    {
        "category": 1,
        "content": 206001912,
        "source": 2,
        "timestamp": 1721334531618,
        "type": 3
    },
    {
        "category": 1,
        "content": 208576792,
        "source": 2,
        "timestamp": 1721334531744,
        "type": 3
    },
    {
        "category": 1,
        "content": 211152288,
        "source": 2,
        "timestamp": 1721334531795,
        "type": 3
    },
    {
        "category": 1,
        "content": 213727168,
        "source": 2,
        "timestamp": 1721334531846,
        "type": 3
    },
    {
        "category": 1,
        "content": 216302048,
        "source": 2,
        "timestamp": 1721334531899,
        "type": 3
    },
    {
        "category": 1,
        "content": 218876928,
        "source": 2,
        "timestamp": 1721334531951,
        "type": 3
    },
    {
        "category": 1,
        "content": 221452424,
        "source": 2,
        "timestamp": 1721334532000,
        "type": 3
    },
    {
        "category": 1,
        "content": 224027304,
        "source": 2,
        "timestamp": 1721334532049,
        "type": 3
    },
    {
        "category": 1,
        "content": 226602184,
        "source": 2,
        "timestamp": 1721334532098,
        "type": 3
    },
    {
        "category": 1,
        "content": 229177064,
        "source": 2,
        "timestamp": 1721334532146,
        "type": 3
    },
    {
        "category": 1,
        "content": 231751944,
        "source": 2,
        "timestamp": 1721334532193,
        "type": 3
    },
    {
        "category": 1,
        "content": 234327440,
        "source": 2,
        "timestamp": 1721334532323,
        "type": 3
    },
    {
        "category": 1,
        "content": 236902088,
        "source": 2,
        "timestamp": 1721334532375,
        "type": 3
    }
]
[
    {
        "category": 1,
        "module": "/lib64/ld-2.31.so",
        "phase": 3,
        "source": 2,
        "timestamp": 1721334174899,
        "type": 5
    },
    {
        "category": 1,
        "module": "/mnt/lustre/a2fs-work3/work/m23oc/m23oc/s2484724/miniconda3/envs/gmy-tool/bin/python3.8",
        "phase": 3,
        "source": 2,
        "timestamp": 1721334174977,
        "type": 5
    },
    {
        "category": 1,
        "module": "/lib64/libc-2.31.so",
        "phase": 3,
        "source": 2,
        "timestamp": 1721334174989,
        "type": 5
    },
    {
        "category": 1,
        "module": "/mnt/lustre/a2fs-work3/work/m23oc/m23oc/s2484724/miniconda3/envs/gmy-tool/lib/libvtkWrappingPythonCore3.8-9.1.so.9.1.0",
        "phase": 3,
        "source": 2,
        "timestamp": 1721334208612,
        "type": 5
    },
    {
        "category": 1,
        "module": "/mnt/lustre/a2fs-work3/work/m23oc/m23oc/s2484724/miniconda3/envs/gmy-tool/lib/python3.8/site-packages/vtkmodules/vtkIOSQL.cpython-38-x86_64-linux-gnu.so",
        "phase": 3,
        "source": 2,
        "timestamp": 1721334441113,
        "type": 5
    },
    {
        "category": 1,
        "content": 2575464,
        "source": 2,
        "timestamp": 1721334488807,
        "type": 3
    },
    {
        "category": 1,
        "content": 5150344,
        "source": 2,
        "timestamp": 1721334488819,
        "type": 3
    },
    {
        "category": 1,
        "module": "/lib64/libpthread-2.31.so",
        "phase": 3,
        "source": 2,
        "timestamp": 1721334493831,
        "type": 5
    },
    {
        "category": 1,
        "module": "/mnt/lustre/a2fs-work3/work/m23oc/m23oc/s2484724/miniconda3/envs/gmy-tool/lib/libcrypto.so.1.1",
        "phase": 3,
        "source": 2,
        "timestamp": 1721334498001,
        "type": 5
    },
    {
        "category": 1,
        "content": 7725336,
        "source": 2,
        "timestamp": 1721334500477,
        "type": 3
    },
    {
        "category": 1,
        "module": "/mnt/lustre/a2fs-work3/work/m23oc/m23oc/s2484724/miniconda3/envs/gmy-tool/lib/libvtkCommonCore-9.1.so.9.1.0",
        "phase": 3,
        "source": 2,
        "timestamp": 1721334500822,
        "type": 5
    },
    {
        "category": 1,
        "module": "/mnt/lustre/a2fs-work3/work/m23oc/m23oc/s2484724/miniconda3/envs/gmy-tool/lib/libvtkCommonDataModel-9.1.so.9.1.0",
        "phase": 3,
        "source": 2,
        "timestamp": 1721334501020,
        "type": 5
    },
    {
        "category": 1,
        "module": "/mnt/lustre/a2fs-work3/work/m23oc/m23oc/s2484724/miniconda3/envs/gmy-tool/lib/python3.8/site-packages/vtkmodules/vtkCommonDataModel.cpython-38-x86_64-linux-gnu.so",
        "phase": 3,
        "source": 2,
        "timestamp": 1721334501145,
        "type": 5
    },
    {
        "category": 1,
        "module": "/mnt/lustre/a2fs-work3/work/m23oc/m23oc/s2484724/miniconda3/envs/gmy-tool/lib/libitkgdcmcharls-5.2.so.1",
        "phase": 3,
        "source": 2,
        "timestamp": 1721334524180,
        "type": 5
    },
    {
        "category": 1,
        "module": "/mnt/lustre/a2fs-work3/work/m23oc/m23oc/s2484724/miniconda3/envs/gmy-tool/lib/libvtksys-9.1.so.9.1.0",
        "phase": 3,
        "source": 2,
        "timestamp": 1721334524247,
        "type": 5
    },
    {
        "category": 1,
        "module": "/mnt/lustre/a2fs-work3/work/m23oc/m23oc/s2484724/miniconda3/envs/gmy-tool/lib/libitkv3p_netlib-5.2.so.1",
        "phase": 3,
        "source": 2,
        "timestamp": 1721334524253,
        "type": 5
    },
    {
        "category": 1,
        "module": "/mnt/lustre/a2fs-work3/work/m23oc/m23oc/s2484724/miniconda3/envs/gmy-tool/lib/python3.8/site-packages/vtkmodules/vtkCommonExecutionModel.cpython-38-x86_64-linux-gnu.so",
        "phase": 3,
        "source": 2,
        "timestamp": 1721334526847,
        "type": 5
    },
    {
        "category": 1,
        "content": 10300376,
        "source": 2,
        "timestamp": 1721334526886,
        "type": 3
    },
    {
        "category": 1,
        "module": "/mnt/lustre/a2fs-work3/work/m23oc/m23oc/s2484724/miniconda3/envs/gmy-tool/lib/libvtkCommonTransforms-9.1.so.9.1.0",
        "phase": 3,
        "source": 2,
        "timestamp": 1721334526964,
        "type": 5
    },
    {
        "category": 1,
        "module": "/mnt/lustre/a2fs-work3/work/m23oc/m23oc/s2484724/miniconda3/envs/gmy-tool/lib/libz.so.1.2.13",
        "phase": 3,
        "source": 2,
        "timestamp": 1721334527310,
        "type": 5
    },
    {
        "category": 1,
        "content": 12875688,
        "source": 2,
        "timestamp": 1721334527348,
        "type": 3
    },
    {
        "category": 1,
        "content": 15450320,
        "source": 2,
        "timestamp": 1721334527397,
        "type": 3
    },
    {
        "category": 1,
        "content": 18025200,
        "source": 2,
        "timestamp": 1721334527442,
        "type": 3
    },
    {
        "category": 1,
        "content": 20600696,
        "source": 2,
        "timestamp": 1721334527488,
        "type": 3
    },
    {
        "category": 1,
        "content": 23175576,
        "source": 2,
        "timestamp": 1721334527533,
        "type": 3
    },
    {
        "category": 1,
        "content": 25750456,
        "source": 2,
        "timestamp": 1721334527580,
        "type": 3
    },
    {
        "category": 1,
        "content": 28325336,
        "source": 2,
        "timestamp": 1721334527626,
        "type": 3
    },
    {
        "category": 1,
        "content": 30900832,
        "source": 2,
        "timestamp": 1721334527674,
        "type": 3
    },
    {
        "category": 1,
        "content": 33475712,
        "source": 2,
        "timestamp": 1721334527721,
        "type": 3
    },
    {
        "category": 1,
        "content": 36050592,
        "source": 2,
        "timestamp": 1721334527775,
        "type": 3
    },
    {
        "category": 1,
        "content": 38625472,
        "source": 2,
        "timestamp": 1721334527904,
        "type": 3
    },
    {
        "category": 1,
        "content": 41200352,
        "source": 2,
        "timestamp": 1721334527956,
        "type": 3
    },
    {
        "category": 1,
        "content": 43775848,
        "source": 2,
        "timestamp": 1721334528009,
        "type": 3
    },
    {
        "category": 1,
        "content": 46350728,
        "source": 2,
        "timestamp": 1721334528061,
        "type": 3
    },
    {
        "category": 1,
        "content": 48925608,
        "source": 2,
        "timestamp": 1721334528110,
        "type": 3
    },
    {
        "category": 1,
        "content": 51500488,
        "source": 2,
        "timestamp": 1721334528157,
        "type": 3
    },
    {
        "category": 1,
        "content": 54075984,
        "source": 2,
        "timestamp": 1721334528205,
        "type": 3
    },
    {
        "category": 1,
        "content": 56650864,
        "source": 2,
        "timestamp": 1721334528252,
        "type": 3
    },
    {
        "category": 1,
        "content": 59225744,
        "source": 2,
        "timestamp": 1721334528305,
        "type": 3
    },
    {
        "category": 1,
        "content": 61800624,
        "source": 2,
        "timestamp": 1721334528426,
        "type": 3
    },
    {
        "category": 1,
        "content": 64376120,
        "source": 2,
        "timestamp": 1721334528478,
        "type": 3
    },
    {
        "category": 1,
        "content": 66951000,
        "source": 2,
        "timestamp": 1721334528541,
        "type": 3
    },
    {
        "category": 1,
        "content": 69525880,
        "source": 2,
        "timestamp": 1721334528594,
        "type": 3
    },
    {
        "category": 1,
        "content": 72100760,
        "source": 2,
        "timestamp": 1721334528643,
        "type": 3
    },
    {
        "category": 1,
        "content": 74675640,
        "source": 2,
        "timestamp": 1721334528691,
        "type": 3
    },
    {
        "category": 1,
        "content": 77251136,
        "source": 2,
        "timestamp": 1721334528738,
        "type": 3
    },
    {
        "category": 1,
        "content": 79826016,
        "source": 2,
        "timestamp": 1721334528786,
        "type": 3
    },
    {
        "category": 1,
        "content": 82400896,
        "source": 2,
        "timestamp": 1721334528892,
        "type": 3
    },
    {
        "category": 1,
        "content": 84975776,
        "source": 2,
        "timestamp": 1721334528944,
        "type": 3
    },
    {
        "category": 1,
        "content": 87551272,
        "source": 2,
        "timestamp": 1721334528995,
        "type": 3
    },
    {
        "category": 1,
        "content": 90126152,
        "source": 2,
        "timestamp": 1721334529046,
        "type": 3
    },
    {
        "category": 1,
        "content": 92701032,
        "source": 2,
        "timestamp": 1721334529096,
        "type": 3
    },
    {
        "category": 1,
        "content": 95275912,
        "source": 2,
        "timestamp": 1721334529144,
        "type": 3
    },
    {
        "category": 1,
        "content": 97851408,
        "source": 2,
        "timestamp": 1721334529190,
        "type": 3
    },
    {
        "category": 1,
        "content": 100426288,
        "source": 2,
        "timestamp": 1721334529238,
        "type": 3
    },
    {
        "category": 1,
        "content": 103001168,
        "source": 2,
        "timestamp": 1721334529286,
        "type": 3
    },
    {
        "category": 1,
        "content": 105576048,
        "source": 2,
        "timestamp": 1721334529334,
        "type": 3
    },
    {
        "category": 1,
        "content": 108150928,
        "source": 2,
        "timestamp": 1721334529382,
        "type": 3
    },
    {
        "category": 1,
        "content": 110726424,
        "source": 2,
        "timestamp": 1721334529518,
        "type": 3
    },
    {
        "category": 1,
        "content": 113301304,
        "source": 2,
        "timestamp": 1721334529569,
        "type": 3
    },
    {
        "category": 1,
        "content": 115876184,
        "source": 2,
        "timestamp": 1721334529621,
        "type": 3
    },
    {
        "category": 1,
        "content": 118451064,
        "source": 2,
        "timestamp": 1721334529673,
        "type": 3
    },
    {
        "category": 1,
        "content": 121026560,
        "source": 2,
        "timestamp": 1721334529723,
        "type": 3
    },
    {
        "category": 1,
        "content": 123601440,
        "source": 2,
        "timestamp": 1721334529773,
        "type": 3
    },
    {
        "category": 1,
        "content": 126176320,
        "source": 2,
        "timestamp": 1721334529846,
        "type": 3
    },
    {
        "category": 1,
        "content": 128751200,
        "source": 2,
        "timestamp": 1721334529895,
        "type": 3
    },
    {
        "category": 1,
        "content": 131326696,
        "source": 2,
        "timestamp": 1721334529944,
        "type": 3
    },
    {
        "category": 1,
        "content": 133901576,
        "source": 2,
        "timestamp": 1721334529991,
        "type": 3
    },
    {
        "category": 1,
        "content": 136476456,
        "source": 2,
        "timestamp": 1721334530039,
        "type": 3
    },
    {
        "category": 1,
        "content": 139051336,
        "source": 2,
        "timestamp": 1721334530176,
        "type": 3
    },
    {
        "category": 1,
        "content": 141626216,
        "source": 2,
        "timestamp": 1721334530228,
        "type": 3
    },
    {
        "category": 1,
        "content": 144201712,
        "source": 2,
        "timestamp": 1721334530280,
        "type": 3
    },
    {
        "category": 1,
        "content": 146776592,
        "source": 2,
        "timestamp": 1721334530333,
        "type": 3
    },
    {
        "category": 1,
        "content": 149351472,
        "source": 2,
        "timestamp": 1721334530384,
        "type": 3
    },
    {
        "category": 1,
        "content": 151926352,
        "source": 2,
        "timestamp": 1721334530443,
        "type": 3
    },
    {
        "category": 1,
        "content": 154501848,
        "source": 2,
        "timestamp": 1721334530492,
        "type": 3
    },
    {
        "category": 1,
        "content": 157076728,
        "source": 2,
        "timestamp": 1721334530541,
        "type": 3
    },
    {
        "category": 1,
        "content": 159651608,
        "source": 2,
        "timestamp": 1721334530653,
        "type": 3
    },
    {
        "category": 1,
        "content": 162226488,
        "source": 2,
        "timestamp": 1721334530705,
        "type": 3
    },
    {
        "category": 1,
        "content": 164801368,
        "source": 2,
        "timestamp": 1721334530757,
        "type": 3
    },
    {
        "category": 1,
        "content": 167376864,
        "source": 2,
        "timestamp": 1721334530809,
        "type": 3
    },
    {
        "category": 1,
        "content": 169951744,
        "source": 2,
        "timestamp": 1721334530861,
        "type": 3
    },
    {
        "category": 1,
        "content": 172526624,
        "source": 2,
        "timestamp": 1721334530910,
        "type": 3
    },
    {
        "category": 1,
        "content": 175101504,
        "source": 2,
        "timestamp": 1721334530957,
        "type": 3
    },
    {
        "category": 1,
        "content": 177677000,
        "source": 2,
        "timestamp": 1721334531005,
        "type": 3
    },
    {
        "category": 1,
        "content": 180251880,
        "source": 2,
        "timestamp": 1721334531052,
        "type": 3
    },
    {
        "category": 1,
        "content": 182826760,
        "source": 2,
        "timestamp": 1721334531168,
        "type": 3
    },
    {
        "category": 1,
        "content": 185401640,
        "source": 2,
        "timestamp": 1721334531220,
        "type": 3
    },
    {
        "category": 1,
        "content": 187977136,
        "source": 2,
        "timestamp": 1721334531271,
        "type": 3
    },
    {
        "category": 1,
        "content": 190552016,
        "source": 2,
        "timestamp": 1721334531324,
        "type": 3
    },
    {
        "category": 1,
        "content": 193126896,
        "source": 2,
        "timestamp": 1721334531375,
        "type": 3
    },
    {
        "category": 1,
        "content": 195701776,
        "source": 2,
        "timestamp": 1721334531424,
        "type": 3
    },
    {
        "category": 1,
        "content": 198276656,
        "source": 2,
        "timestamp": 1721334531472,
        "type": 3
    },
    {
        "category": 1,
        "content": 200852152,
        "source": 2,
        "timestamp": 1721334531521,
        "type": 3
    },
    {
        "category": 1,
        "content": 203427032,
        "source": 2,
        "timestamp": 1721334531570,
        "type": 3
    },
    {
        "category": 1,
        "content": 206001912,
        "source": 2,
        "timestamp": 1721334531618,
        "type": 3
    },
    {
        "category": 1,
        "content": 208576792,
        "source": 2,
        "timestamp": 1721334531744,
        "type": 3
    },
    {
        "category": 1,
        "content": 211152288,
        "source": 2,
        "timestamp": 1721334531795,
        "type": 3
    },
    {
        "category": 1,
        "content": 213727168,
        "source": 2,
        "timestamp": 1721334531846,
        "type": 3
    },
    {
        "category": 1,
        "content": 216302048,
        "source": 2,
        "timestamp": 1721334531899,
        "type": 3
    },
    {
        "category": 1,
        "content": 218876928,
        "source": 2,
        "timestamp": 1721334531951,
        "type": 3
    },
    {
        "category": 1,
        "content": 221452424,
        "source": 2,
        "timestamp": 1721334532000,
        "type": 3
    },
    {
        "category": 1,
        "content": 224027304,
        "source": 2,
        "timestamp": 1721334532049,
        "type": 3
    },
    {
        "category": 1,
        "content": 226602184,
        "source": 2,
        "timestamp": 1721334532098,
        "type": 3
    },
    {
        "category": 1,
        "content": 229177064,
        "source": 2,
        "timestamp": 1721334532146,
        "type": 3
    },
    {
        "category": 1,
        "content": 231751944,
        "source": 2,
        "timestamp": 1721334532193,
        "type": 3
    },
    {
        "category": 1,
        "content": 234327440,
        "source": 2,
        "timestamp": 1721334532323,
        "type": 3
    },
    {
        "category": 1,
        "content": 236902088,
        "source": 2,
        "timestamp": 1721334532375,
        "type": 3
    }
]
