[
    {
        "category": 1,
        "module": "/lib64/libc-2.31.so",
        "phase": 3,
        "source": 2,
        "timestamp": 1722194159775,
        "type": 5
    },
    {
        "category": 1,
        "module": "/mnt/lustre/a2fs-work3/work/m23oc/m23oc/s2484724/miniconda3/envs/gmy-tool/bin/python3.8",
        "phase": 3,
        "source": 2,
        "timestamp": 1722194159803,
        "type": 5
    },
    {
        "category": 1,
        "module": "/lib64/libpthread-2.31.so",
        "phase": 3,
        "source": 2,
        "timestamp": 1722194159810,
        "type": 5
    },
    {
        "category": 1,
        "module": "/mnt/lustre/a2fs-work3/work/m23oc/m23oc/s2484724/miniconda3/envs/gmy-tool/lib/libvtkWrappingPythonCore3.8-9.1.so.9.1.0",
        "phase": 3,
        "source": 2,
        "timestamp": 1722194160381,
        "type": 5
    },
    {
        "category": 1,
        "module": "/mnt/lustre/a2fs-work3/work/m23oc/m23oc/s2484724/miniconda3/envs/gmy-tool/lib/python3.8/site-packages/vtkmodules/vtkCommonDataModel.cpython-38-x86_64-linux-gnu.so",
        "phase": 3,
        "source": 2,
        "timestamp": 1722194160672,
        "type": 5
    },
    {
        "category": 1,
        "content": 605720,
        "source": 2,
        "timestamp": 1722194170270,
        "type": 3
    },
    {
        "category": 1,
        "content": 1210632,
        "source": 2,
        "timestamp": 1722194170378,
        "type": 3
    },
    {
        "category": 1,
        "content": 1816160,
        "source": 2,
        "timestamp": 1722194170380,
        "type": 3
    },
    {
        "category": 1,
        "module": "/mnt/lustre/a2fs-work3/work/m23oc/m23oc/s2484724/miniconda3/envs/gmy-tool/lib/python3.8/site-packages/numpy/core/_multiarray_umath.cpython-38-x86_64-linux-gnu.so",
        "phase": 3,
        "source": 2,
        "timestamp": 1722194175901,
        "type": 5
    },
    {
        "category": 1,
        "content": 2421112,
        "source": 2,
        "timestamp": 1722194176333,
        "type": 3
    },
    {
        "category": 1,
        "content": 3026640,
        "source": 2,
        "timestamp": 1722194176340,
        "type": 3
    },
    {
        "category": 1,
        "content": 3632168,
        "source": 2,
        "timestamp": 1722194176341,
        "type": 3
    },
    {
        "category": 1,
        "content": 4237080,
        "source": 2,
        "timestamp": 1722194176346,
        "type": 3
    },
    {
        "category": 1,
        "content": 4842608,
        "source": 2,
        "timestamp": 1722194176347,
        "type": 3
    },
    {
        "category": 1,
        "content": 5447520,
        "source": 2,
        "timestamp": 1722194176349,
        "type": 3
    },
    {
        "category": 1,
        "content": 6053048,
        "source": 2,
        "timestamp": 1722194176351,
        "type": 3
    },
    {
        "category": 1,
        "content": 6658576,
        "source": 2,
        "timestamp": 1722194176353,
        "type": 3
    },
    {
        "category": 1,
        "content": 7263488,
        "source": 2,
        "timestamp": 1722194176355,
        "type": 3
    },
    {
        "category": 1,
        "content": 7869016,
        "source": 2,
        "timestamp": 1722194176357,
        "type": 3
    },
    {
        "category": 1,
        "content": 8473928,
        "source": 2,
        "timestamp": 1722194176359,
        "type": 3
    },
    {
        "category": 1,
        "content": 9079456,
        "source": 2,
        "timestamp": 1722194176361,
        "type": 3
    },
    {
        "category": 1,
        "module": "/mnt/lustre/a2fs-work3/work/m23oc/m23oc/s2484724/miniconda3/envs/gmy-tool/lib/python3.8/lib-dynload/_random.cpython-38-x86_64-linux-gnu.so",
        "phase": 3,
        "source": 2,
        "timestamp": 1722194181551,
        "type": 5
    },
    {
        "category": 1,
        "module": "/mnt/lustre/a2fs-work3/work/m23oc/m23oc/s2484724/miniconda3/envs/gmy-tool/lib/python3.8/site-packages/numpy/random/bit_generator.cpython-38-x86_64-linux-gnu.so",
        "phase": 3,
        "source": 2,
        "timestamp": 1722194181624,
        "type": 5
    },
    {
        "category": 1,
        "module": "/mnt/lustre/a2fs-work3/work/m23oc/m23oc/s2484724/miniconda3/envs/gmy-tool/lib/libvtkCommonDataModel-9.1.so.9.1.0",
        "phase": 3,
        "source": 2,
        "timestamp": 1722194181934,
        "type": 5
    },
    {
        "category": 1,
        "content": 9684832,
        "source": 2,
        "timestamp": 1722194181942,
        "type": 3
    },
    {
        "category": 1,
        "module": "/mnt/lustre/a2fs-work3/work/m23oc/m23oc/s2484724/miniconda3/envs/gmy-tool/lib/libitkgdcmcharls-5.2.so.1",
        "phase": 3,
        "source": 2,
        "timestamp": 1722194185162,
        "type": 5
    },
    {
        "category": 1,
        "module": "/mnt/lustre/a2fs-work3/work/m23oc/m23oc/s2484724/miniconda3/envs/gmy-tool/lib/libitkgdcmDSED-5.2.so.1",
        "phase": 3,
        "source": 2,
        "timestamp": 1722194185176,
        "type": 5
    },
    {
        "category": 1,
        "module": "/mnt/lustre/a2fs-work3/work/m23oc/m23oc/s2484724/miniconda3/envs/gmy-tool/lib/libhdf5.so.200.2.0",
        "phase": 3,
        "source": 2,
        "timestamp": 1722194185193,
        "type": 5
    },
    {
        "category": 1,
        "module": "/mnt/lustre/a2fs-work3/work/m23oc/m23oc/s2484724/miniconda3/envs/gmy-tool/lib/libitkv3p_netlib-5.2.so.1",
        "phase": 3,
        "source": 2,
        "timestamp": 1722194185197,
        "type": 5
    },
    {
        "category": 1,
        "content": 10289904,
        "source": 2,
        "timestamp": 1722194185522,
        "type": 3
    },
    {
        "category": 1,
        "module": "/mnt/lustre/a2fs-work3/work/m23oc/m23oc/s2484724/miniconda3/envs/gmy-tool/lib/libvtkCommonTransforms-9.1.so.9.1.0",
        "phase": 3,
        "source": 2,
        "timestamp": 1722194185525,
        "type": 5
    },
    {
        "category": 1,
        "module": "/mnt/lustre/a2fs-work3/work/m23oc/m23oc/s2484724/miniconda3/envs/gmy-tool/lib/libz.so.1.2.13",
        "phase": 3,
        "source": 2,
        "timestamp": 1722194185728,
        "type": 5
    },
    {
        "category": 1,
        "content": 10895432,
        "source": 2,
        "timestamp": 1722194185734,
        "type": 3
    },
    {
        "category": 1,
        "content": 11500344,
        "source": 2,
        "timestamp": 1722194185745,
        "type": 3
    },
    {
        "category": 1,
        "content": 12105440,
        "source": 2,
        "timestamp": 1722194185756,
        "type": 3
    },
    {
        "category": 1,
        "content": 12710968,
        "source": 2,
        "timestamp": 1722194185768,
        "type": 3
    },
    {
        "category": 1,
        "content": 13316496,
        "source": 2,
        "timestamp": 1722194185780,
        "type": 3
    },
    {
        "category": 1,
        "content": 13921408,
        "source": 2,
        "timestamp": 1722194185792,
        "type": 3
    },
    {
        "category": 1,
        "content": 14526936,
        "source": 2,
        "timestamp": 1722194185803,
        "type": 3
    },
    {
        "category": 1,
        "content": 15131848,
        "source": 2,
        "timestamp": 1722194185814,
        "type": 3
    },
    {
        "category": 1,
        "content": 15737376,
        "source": 2,
        "timestamp": 1722194185825,
        "type": 3
    },
    {
        "category": 1,
        "content": 16342904,
        "source": 2,
        "timestamp": 1722194185835,
        "type": 3
    },
    {
        "category": 1,
        "content": 16947816,
        "source": 2,
        "timestamp": 1722194185846,
        "type": 3
    },
    {
        "category": 1,
        "content": 17553344,
        "source": 2,
        "timestamp": 1722194185857,
        "type": 3
    },
    {
        "category": 1,
        "content": 18158256,
        "source": 2,
        "timestamp": 1722194185867,
        "type": 3
    },
    {
        "category": 1,
        "content": 18763784,
        "source": 2,
        "timestamp": 1722194185878,
        "type": 3
    },
    {
        "category": 1,
        "content": 19368696,
        "source": 2,
        "timestamp": 1722194185888,
        "type": 3
    },
    {
        "category": 1,
        "content": 19974224,
        "source": 2,
        "timestamp": 1722194185899,
        "type": 3
    },
    {
        "category": 1,
        "content": 20579752,
        "source": 2,
        "timestamp": 1722194185909,
        "type": 3
    },
    {
        "category": 1,
        "content": 21184664,
        "source": 2,
        "timestamp": 1722194185920,
        "type": 3
    },
    {
        "category": 1,
        "content": 21790192,
        "source": 2,
        "timestamp": 1722194185931,
        "type": 3
    },
    {
        "category": 1,
        "content": 22395104,
        "source": 2,
        "timestamp": 1722194185941,
        "type": 3
    },
    {
        "category": 1,
        "content": 23000632,
        "source": 2,
        "timestamp": 1722194185953,
        "type": 3
    },
    {
        "category": 1,
        "content": 23606160,
        "source": 2,
        "timestamp": 1722194185963,
        "type": 3
    },
    {
        "category": 1,
        "content": 24211072,
        "source": 2,
        "timestamp": 1722194185975,
        "type": 3
    },
    {
        "category": 1,
        "content": 24816600,
        "source": 2,
        "timestamp": 1722194185985,
        "type": 3
    },
    {
        "category": 1,
        "content": 25421512,
        "source": 2,
        "timestamp": 1722194185995,
        "type": 3
    },
    {
        "category": 1,
        "content": 26027040,
        "source": 2,
        "timestamp": 1722194186007,
        "type": 3
    },
    {
        "category": 1,
        "content": 26631952,
        "source": 2,
        "timestamp": 1722194186018,
        "type": 3
    },
    {
        "category": 1,
        "content": 27237480,
        "source": 2,
        "timestamp": 1722194186030,
        "type": 3
    },
    {
        "category": 1,
        "content": 27843008,
        "source": 2,
        "timestamp": 1722194186041,
        "type": 3
    },
    {
        "category": 1,
        "content": 28447920,
        "source": 2,
        "timestamp": 1722194186082,
        "type": 3
    },
    {
        "category": 1,
        "content": 29053448,
        "source": 2,
        "timestamp": 1722194186095,
        "type": 3
    },
    {
        "category": 1,
        "content": 29658360,
        "source": 2,
        "timestamp": 1722194186107,
        "type": 3
    },
    {
        "category": 1,
        "content": 30263888,
        "source": 2,
        "timestamp": 1722194186117,
        "type": 3
    },
    {
        "category": 1,
        "content": 30869416,
        "source": 2,
        "timestamp": 1722194186129,
        "type": 3
    },
    {
        "category": 1,
        "content": 31474328,
        "source": 2,
        "timestamp": 1722194186140,
        "type": 3
    },
    {
        "category": 1,
        "content": 32079856,
        "source": 2,
        "timestamp": 1722194186150,
        "type": 3
    },
    {
        "category": 1,
        "content": 32684768,
        "source": 2,
        "timestamp": 1722194186162,
        "type": 3
    },
    {
        "category": 1,
        "content": 33290296,
        "source": 2,
        "timestamp": 1722194186172,
        "type": 3
    },
    {
        "category": 1,
        "content": 33895208,
        "source": 2,
        "timestamp": 1722194186183,
        "type": 3
    },
    {
        "category": 1,
        "content": 34500736,
        "source": 2,
        "timestamp": 1722194186193,
        "type": 3
    },
    {
        "category": 1,
        "content": 35106264,
        "source": 2,
        "timestamp": 1722194186205,
        "type": 3
    },
    {
        "category": 1,
        "content": 35711176,
        "source": 2,
        "timestamp": 1722194186216,
        "type": 3
    },
    {
        "category": 1,
        "content": 36316704,
        "source": 2,
        "timestamp": 1722194186227,
        "type": 3
    },
    {
        "category": 1,
        "content": 36921616,
        "source": 2,
        "timestamp": 1722194186241,
        "type": 3
    },
    {
        "category": 1,
        "content": 37527144,
        "source": 2,
        "timestamp": 1722194186252,
        "type": 3
    },
    {
        "category": 1,
        "content": 38132672,
        "source": 2,
        "timestamp": 1722194186264,
        "type": 3
    },
    {
        "category": 1,
        "content": 38737584,
        "source": 2,
        "timestamp": 1722194186275,
        "type": 3
    },
    {
        "category": 1,
        "content": 39343112,
        "source": 2,
        "timestamp": 1722194186287,
        "type": 3
    },
    {
        "category": 1,
        "content": 39948024,
        "source": 2,
        "timestamp": 1722194186298,
        "type": 3
    },
    {
        "category": 1,
        "content": 40553552,
        "source": 2,
        "timestamp": 1722194186310,
        "type": 3
    },
    {
        "category": 1,
        "content": 41158464,
        "source": 2,
        "timestamp": 1722194186321,
        "type": 3
    },
    {
        "category": 1,
        "content": 41763992,
        "source": 2,
        "timestamp": 1722194186335,
        "type": 3
    },
    {
        "category": 1,
        "content": 42369400,
        "source": 2,
        "timestamp": 1722194186347,
        "type": 3
    },
    {
        "category": 1,
        "module": "/mnt/lustre/a2fs-work3/work/m23oc/m23oc/s2484724/miniconda3/envs/gmy-tool/lib/libproj.so.25.9.0.1",
        "phase": 3,
        "source": 2,
        "timestamp": 1722194186376,
        "type": 5
    },
    {
        "category": 1,
        "content": 42974632,
        "source": 2,
        "timestamp": 1722194186383,
        "type": 3
    }
]
[
    {
        "category": 1,
        "module": "/lib64/libc-2.31.so",
        "phase": 3,
        "source": 2,
        "timestamp": 1722194159775,
        "type": 5
    },
    {
        "category": 1,
        "module": "/mnt/lustre/a2fs-work3/work/m23oc/m23oc/s2484724/miniconda3/envs/gmy-tool/bin/python3.8",
        "phase": 3,
        "source": 2,
        "timestamp": 1722194159803,
        "type": 5
    },
    {
        "category": 1,
        "module": "/lib64/libpthread-2.31.so",
        "phase": 3,
        "source": 2,
        "timestamp": 1722194159810,
        "type": 5
    },
    {
        "category": 1,
        "module": "/mnt/lustre/a2fs-work3/work/m23oc/m23oc/s2484724/miniconda3/envs/gmy-tool/lib/libvtkWrappingPythonCore3.8-9.1.so.9.1.0",
        "phase": 3,
        "source": 2,
        "timestamp": 1722194160381,
        "type": 5
    },
    {
        "category": 1,
        "module": "/mnt/lustre/a2fs-work3/work/m23oc/m23oc/s2484724/miniconda3/envs/gmy-tool/lib/python3.8/site-packages/vtkmodules/vtkCommonDataModel.cpython-38-x86_64-linux-gnu.so",
        "phase": 3,
        "source": 2,
        "timestamp": 1722194160672,
        "type": 5
    },
    {
        "category": 1,
        "content": 605720,
        "source": 2,
        "timestamp": 1722194170270,
        "type": 3
    },
    {
        "category": 1,
        "content": 1210632,
        "source": 2,
        "timestamp": 1722194170378,
        "type": 3
    },
    {
        "category": 1,
        "content": 1816160,
        "source": 2,
        "timestamp": 1722194170380,
        "type": 3
    },
    {
        "category": 1,
        "module": "/mnt/lustre/a2fs-work3/work/m23oc/m23oc/s2484724/miniconda3/envs/gmy-tool/lib/python3.8/site-packages/numpy/core/_multiarray_umath.cpython-38-x86_64-linux-gnu.so",
        "phase": 3,
        "source": 2,
        "timestamp": 1722194175901,
        "type": 5
    },
    {
        "category": 1,
        "content": 2421112,
        "source": 2,
        "timestamp": 1722194176333,
        "type": 3
    },
    {
        "category": 1,
        "content": 3026640,
        "source": 2,
        "timestamp": 1722194176340,
        "type": 3
    },
    {
        "category": 1,
        "content": 3632168,
        "source": 2,
        "timestamp": 1722194176341,
        "type": 3
    },
    {
        "category": 1,
        "content": 4237080,
        "source": 2,
        "timestamp": 1722194176346,
        "type": 3
    },
    {
        "category": 1,
        "content": 4842608,
        "source": 2,
        "timestamp": 1722194176347,
        "type": 3
    },
    {
        "category": 1,
        "content": 5447520,
        "source": 2,
        "timestamp": 1722194176349,
        "type": 3
    },
    {
        "category": 1,
        "content": 6053048,
        "source": 2,
        "timestamp": 1722194176351,
        "type": 3
    },
    {
        "category": 1,
        "content": 6658576,
        "source": 2,
        "timestamp": 1722194176353,
        "type": 3
    },
    {
        "category": 1,
        "content": 7263488,
        "source": 2,
        "timestamp": 1722194176355,
        "type": 3
    },
    {
        "category": 1,
        "content": 7869016,
        "source": 2,
        "timestamp": 1722194176357,
        "type": 3
    },
    {
        "category": 1,
        "content": 8473928,
        "source": 2,
        "timestamp": 1722194176359,
        "type": 3
    },
    {
        "category": 1,
        "content": 9079456,
        "source": 2,
        "timestamp": 1722194176361,
        "type": 3
    },
    {
        "category": 1,
        "module": "/mnt/lustre/a2fs-work3/work/m23oc/m23oc/s2484724/miniconda3/envs/gmy-tool/lib/python3.8/lib-dynload/_random.cpython-38-x86_64-linux-gnu.so",
        "phase": 3,
        "source": 2,
        "timestamp": 1722194181551,
        "type": 5
    },
    {
        "category": 1,
        "module": "/mnt/lustre/a2fs-work3/work/m23oc/m23oc/s2484724/miniconda3/envs/gmy-tool/lib/python3.8/site-packages/numpy/random/bit_generator.cpython-38-x86_64-linux-gnu.so",
        "phase": 3,
        "source": 2,
        "timestamp": 1722194181624,
        "type": 5
    },
    {
        "category": 1,
        "module": "/mnt/lustre/a2fs-work3/work/m23oc/m23oc/s2484724/miniconda3/envs/gmy-tool/lib/libvtkCommonDataModel-9.1.so.9.1.0",
        "phase": 3,
        "source": 2,
        "timestamp": 1722194181934,
        "type": 5
    },
    {
        "category": 1,
        "content": 9684832,
        "source": 2,
        "timestamp": 1722194181942,
        "type": 3
    },
    {
        "category": 1,
        "module": "/mnt/lustre/a2fs-work3/work/m23oc/m23oc/s2484724/miniconda3/envs/gmy-tool/lib/libitkgdcmcharls-5.2.so.1",
        "phase": 3,
        "source": 2,
        "timestamp": 1722194185162,
        "type": 5
    },
    {
        "category": 1,
        "module": "/mnt/lustre/a2fs-work3/work/m23oc/m23oc/s2484724/miniconda3/envs/gmy-tool/lib/libitkgdcmDSED-5.2.so.1",
        "phase": 3,
        "source": 2,
        "timestamp": 1722194185176,
        "type": 5
    },
    {
        "category": 1,
        "module": "/mnt/lustre/a2fs-work3/work/m23oc/m23oc/s2484724/miniconda3/envs/gmy-tool/lib/libhdf5.so.200.2.0",
        "phase": 3,
        "source": 2,
        "timestamp": 1722194185193,
        "type": 5
    },
    {
        "category": 1,
        "module": "/mnt/lustre/a2fs-work3/work/m23oc/m23oc/s2484724/miniconda3/envs/gmy-tool/lib/libitkv3p_netlib-5.2.so.1",
        "phase": 3,
        "source": 2,
        "timestamp": 1722194185197,
        "type": 5
    },
    {
        "category": 1,
        "content": 10289904,
        "source": 2,
        "timestamp": 1722194185522,
        "type": 3
    },
    {
        "category": 1,
        "module": "/mnt/lustre/a2fs-work3/work/m23oc/m23oc/s2484724/miniconda3/envs/gmy-tool/lib/libvtkCommonTransforms-9.1.so.9.1.0",
        "phase": 3,
        "source": 2,
        "timestamp": 1722194185525,
        "type": 5
    },
    {
        "category": 1,
        "module": "/mnt/lustre/a2fs-work3/work/m23oc/m23oc/s2484724/miniconda3/envs/gmy-tool/lib/libz.so.1.2.13",
        "phase": 3,
        "source": 2,
        "timestamp": 1722194185728,
        "type": 5
    },
    {
        "category": 1,
        "content": 10895432,
        "source": 2,
        "timestamp": 1722194185734,
        "type": 3
    },
    {
        "category": 1,
        "content": 11500344,
        "source": 2,
        "timestamp": 1722194185745,
        "type": 3
    },
    {
        "category": 1,
        "content": 12105440,
        "source": 2,
        "timestamp": 1722194185756,
        "type": 3
    },
    {
        "category": 1,
        "content": 12710968,
        "source": 2,
        "timestamp": 1722194185768,
        "type": 3
    },
    {
        "category": 1,
        "content": 13316496,
        "source": 2,
        "timestamp": 1722194185780,
        "type": 3
    },
    {
        "category": 1,
        "content": 13921408,
        "source": 2,
        "timestamp": 1722194185792,
        "type": 3
    },
    {
        "category": 1,
        "content": 14526936,
        "source": 2,
        "timestamp": 1722194185803,
        "type": 3
    },
    {
        "category": 1,
        "content": 15131848,
        "source": 2,
        "timestamp": 1722194185814,
        "type": 3
    },
    {
        "category": 1,
        "content": 15737376,
        "source": 2,
        "timestamp": 1722194185825,
        "type": 3
    },
    {
        "category": 1,
        "content": 16342904,
        "source": 2,
        "timestamp": 1722194185835,
        "type": 3
    },
    {
        "category": 1,
        "content": 16947816,
        "source": 2,
        "timestamp": 1722194185846,
        "type": 3
    },
    {
        "category": 1,
        "content": 17553344,
        "source": 2,
        "timestamp": 1722194185857,
        "type": 3
    },
    {
        "category": 1,
        "content": 18158256,
        "source": 2,
        "timestamp": 1722194185867,
        "type": 3
    },
    {
        "category": 1,
        "content": 18763784,
        "source": 2,
        "timestamp": 1722194185878,
        "type": 3
    },
    {
        "category": 1,
        "content": 19368696,
        "source": 2,
        "timestamp": 1722194185888,
        "type": 3
    },
    {
        "category": 1,
        "content": 19974224,
        "source": 2,
        "timestamp": 1722194185899,
        "type": 3
    },
    {
        "category": 1,
        "content": 20579752,
        "source": 2,
        "timestamp": 1722194185909,
        "type": 3
    },
    {
        "category": 1,
        "content": 21184664,
        "source": 2,
        "timestamp": 1722194185920,
        "type": 3
    },
    {
        "category": 1,
        "content": 21790192,
        "source": 2,
        "timestamp": 1722194185931,
        "type": 3
    },
    {
        "category": 1,
        "content": 22395104,
        "source": 2,
        "timestamp": 1722194185941,
        "type": 3
    },
    {
        "category": 1,
        "content": 23000632,
        "source": 2,
        "timestamp": 1722194185953,
        "type": 3
    },
    {
        "category": 1,
        "content": 23606160,
        "source": 2,
        "timestamp": 1722194185963,
        "type": 3
    },
    {
        "category": 1,
        "content": 24211072,
        "source": 2,
        "timestamp": 1722194185975,
        "type": 3
    },
    {
        "category": 1,
        "content": 24816600,
        "source": 2,
        "timestamp": 1722194185985,
        "type": 3
    },
    {
        "category": 1,
        "content": 25421512,
        "source": 2,
        "timestamp": 1722194185995,
        "type": 3
    },
    {
        "category": 1,
        "content": 26027040,
        "source": 2,
        "timestamp": 1722194186007,
        "type": 3
    },
    {
        "category": 1,
        "content": 26631952,
        "source": 2,
        "timestamp": 1722194186018,
        "type": 3
    },
    {
        "category": 1,
        "content": 27237480,
        "source": 2,
        "timestamp": 1722194186030,
        "type": 3
    },
    {
        "category": 1,
        "content": 27843008,
        "source": 2,
        "timestamp": 1722194186041,
        "type": 3
    },
    {
        "category": 1,
        "content": 28447920,
        "source": 2,
        "timestamp": 1722194186082,
        "type": 3
    },
    {
        "category": 1,
        "content": 29053448,
        "source": 2,
        "timestamp": 1722194186095,
        "type": 3
    },
    {
        "category": 1,
        "content": 29658360,
        "source": 2,
        "timestamp": 1722194186107,
        "type": 3
    },
    {
        "category": 1,
        "content": 30263888,
        "source": 2,
        "timestamp": 1722194186117,
        "type": 3
    },
    {
        "category": 1,
        "content": 30869416,
        "source": 2,
        "timestamp": 1722194186129,
        "type": 3
    },
    {
        "category": 1,
        "content": 31474328,
        "source": 2,
        "timestamp": 1722194186140,
        "type": 3
    },
    {
        "category": 1,
        "content": 32079856,
        "source": 2,
        "timestamp": 1722194186150,
        "type": 3
    },
    {
        "category": 1,
        "content": 32684768,
        "source": 2,
        "timestamp": 1722194186162,
        "type": 3
    },
    {
        "category": 1,
        "content": 33290296,
        "source": 2,
        "timestamp": 1722194186172,
        "type": 3
    },
    {
        "category": 1,
        "content": 33895208,
        "source": 2,
        "timestamp": 1722194186183,
        "type": 3
    },
    {
        "category": 1,
        "content": 34500736,
        "source": 2,
        "timestamp": 1722194186193,
        "type": 3
    },
    {
        "category": 1,
        "content": 35106264,
        "source": 2,
        "timestamp": 1722194186205,
        "type": 3
    },
    {
        "category": 1,
        "content": 35711176,
        "source": 2,
        "timestamp": 1722194186216,
        "type": 3
    },
    {
        "category": 1,
        "content": 36316704,
        "source": 2,
        "timestamp": 1722194186227,
        "type": 3
    },
    {
        "category": 1,
        "content": 36921616,
        "source": 2,
        "timestamp": 1722194186241,
        "type": 3
    },
    {
        "category": 1,
        "content": 37527144,
        "source": 2,
        "timestamp": 1722194186252,
        "type": 3
    },
    {
        "category": 1,
        "content": 38132672,
        "source": 2,
        "timestamp": 1722194186264,
        "type": 3
    },
    {
        "category": 1,
        "content": 38737584,
        "source": 2,
        "timestamp": 1722194186275,
        "type": 3
    },
    {
        "category": 1,
        "content": 39343112,
        "source": 2,
        "timestamp": 1722194186287,
        "type": 3
    },
    {
        "category": 1,
        "content": 39948024,
        "source": 2,
        "timestamp": 1722194186298,
        "type": 3
    },
    {
        "category": 1,
        "content": 40553552,
        "source": 2,
        "timestamp": 1722194186310,
        "type": 3
    },
    {
        "category": 1,
        "content": 41158464,
        "source": 2,
        "timestamp": 1722194186321,
        "type": 3
    },
    {
        "category": 1,
        "content": 41763992,
        "source": 2,
        "timestamp": 1722194186335,
        "type": 3
    },
    {
        "category": 1,
        "content": 42369400,
        "source": 2,
        "timestamp": 1722194186347,
        "type": 3
    },
    {
        "category": 1,
        "module": "/mnt/lustre/a2fs-work3/work/m23oc/m23oc/s2484724/miniconda3/envs/gmy-tool/lib/libproj.so.25.9.0.1",
        "phase": 3,
        "source": 2,
        "timestamp": 1722194186376,
        "type": 5
    },
    {
        "category": 1,
        "content": 42974632,
        "source": 2,
        "timestamp": 1722194186383,
        "type": 3
    }
]
