[
    {
        "category": 1,
        "module": "/mnt/lustre/a2fs-work3/work/m23oc/m23oc/s2484724/miniconda3/envs/gmy-tool/bin/python3.8",
        "phase": 3,
        "source": 2,
        "timestamp": 1721161882232,
        "type": 5
    },
    {
        "category": 1,
        "module": "/mnt/lustre/a2fs-work3/work/m23oc/m23oc/s2484724/miniconda3/envs/gmy-tool/lib/python3.8/site-packages/vtkmodules/vtkCommonCore.cpython-38-x86_64-linux-gnu.so",
        "phase": 3,
        "source": 2,
        "timestamp": 1721161882281,
        "type": 5
    },
    {
        "category": 1,
        "module": "/mnt/lustre/a2fs-work3/work/m23oc/m23oc/s2484724/miniconda3/envs/gmy-tool/lib/libstdc++.so.6.0.33",
        "phase": 3,
        "source": 2,
        "timestamp": 1721161882501,
        "type": 5
    },
    {
        "category": 1,
        "module": "/lib64/libpthread-2.31.so",
        "phase": 3,
        "source": 2,
        "timestamp": 1721161882766,
        "type": 5
    },
    {
        "category": 1,
        "module": "/mnt/lustre/a2fs-work3/work/m23oc/m23oc/s2484724/miniconda3/envs/gmy-tool/lib/python3.8/site-packages/vtkmodules/vtkIOGeometry.cpython-38-x86_64-linux-gnu.so",
        "phase": 3,
        "source": 2,
        "timestamp": 1721161882816,
        "type": 5
    },
    {
        "category": 1,
        "content": 2560896,
        "source": 2,
        "timestamp": 1721161883056,
        "type": 3
    },
    {
        "category": 1,
        "content": 5120992,
        "source": 2,
        "timestamp": 1721161883061,
        "type": 3
    },
    {
        "category": 1,
        "module": "/mnt/lustre/a2fs-work3/work/m23oc/m23oc/s2484724/miniconda3/envs/gmy-tool/lib/python3.8/site-packages/numpy/core/_multiarray_umath.cpython-38-x86_64-linux-gnu.so",
        "phase": 3,
        "source": 2,
        "timestamp": 1721161883116,
        "type": 5
    },
    {
        "category": 1,
        "module": "/mnt/lustre/a2fs-work3/work/m23oc/m23oc/s2484724/miniconda3/envs/gmy-tool/lib/libvtkIOGeometry-9.1.so.9.1.0",
        "phase": 3,
        "source": 2,
        "timestamp": 1721161883323,
        "type": 5
    },
    {
        "category": 1,
        "content": 7681600,
        "source": 2,
        "timestamp": 1721161883329,
        "type": 3
    },
    {
        "category": 1,
        "module": "/mnt/lustre/a2fs-work3/work/m23oc/m23oc/s2484724/miniconda3/envs/gmy-tool/lib/libvtkCommonCore-9.1.so.9.1.0",
        "phase": 3,
        "source": 2,
        "timestamp": 1721161883392,
        "type": 5
    },
    {
        "category": 1,
        "module": "/mnt/lustre/a2fs-work3/work/m23oc/m23oc/s2484724/miniconda3/envs/gmy-tool/lib/python3.8/site-packages/vtkmodules/vtkCommonDataModel.cpython-38-x86_64-linux-gnu.so",
        "phase": 3,
        "source": 2,
        "timestamp": 1721161883422,
        "type": 5
    },
    {
        "category": 1,
        "module": "/lib64/libm-2.31.so",
        "phase": 3,
        "source": 2,
        "timestamp": 1721161883438,
        "type": 5
    },
    {
        "category": 1,
        "module": "/mnt/lustre/a2fs-work3/work/m23oc/m23oc/s2484724/miniconda3/envs/gmy-tool/lib/libitkgdcmcharls-5.2.so.1",
        "phase": 3,
        "source": 2,
        "timestamp": 1721161883500,
        "type": 5
    },
    {
        "category": 1,
        "module": "/mnt/lustre/a2fs-work3/work/m23oc/m23oc/s2484724/miniconda3/envs/gmy-tool/lib/libitkgdcmDICT-5.2.so.1",
        "phase": 3,
        "source": 2,
        "timestamp": 1721161883501,
        "type": 5
    },
    {
        "category": 1,
        "module": "/mnt/lustre/a2fs-work3/work/m23oc/m23oc/s2484724/miniconda3/envs/gmy-tool/lib/libitkgdcmDSED-5.2.so.1",
        "phase": 3,
        "source": 2,
        "timestamp": 1721161883504,
        "type": 5
    },
    {
        "category": 1,
        "module": "/mnt/lustre/a2fs-work3/work/m23oc/m23oc/s2484724/miniconda3/envs/gmy-tool/lib/libhdf5.so.200.2.0",
        "phase": 3,
        "source": 2,
        "timestamp": 1721161883530,
        "type": 5
    },
    {
        "category": 1,
        "content": 10241856,
        "source": 2,
        "timestamp": 1721161883781,
        "type": 3
    },
    {
        "category": 1,
        "module": "/mnt/lustre/a2fs-work3/work/m23oc/m23oc/s2484724/miniconda3/envs/gmy-tool/lib/libvtkFiltersGeneral-9.1.so.9.1.0",
        "phase": 3,
        "source": 2,
        "timestamp": 1721161883801,
        "type": 5
    },
    {
        "category": 1,
        "module": "/mnt/lustre/a2fs-work3/work/m23oc/m23oc/s2484724/miniconda3/envs/gmy-tool/lib/python3.8/site-packages/HlbGmyTool/Model/Generation.cpython-38-x86_64-linux-gnu.so",
        "phase": 3,
        "source": 2,
        "timestamp": 1721161884019,
        "type": 5
    },
    {
        "category": 1,
        "module": "/mnt/lustre/a2fs-work3/work/m23oc/m23oc/s2484724/miniconda3/envs/gmy-tool/lib/libquadmath.so.0.0.0",
        "phase": 3,
        "source": 2,
        "timestamp": 1721161884026,
        "type": 5
    },
    {
        "category": 1,
        "module": "/mnt/lustre/a2fs-work3/work/m23oc/m23oc/s2484724/miniconda3/envs/gmy-tool/lib/libz.so.1.2.13",
        "phase": 3,
        "source": 2,
        "timestamp": 1721161884063,
        "type": 5
    },
    {
        "category": 1,
        "content": 12802136,
        "source": 2,
        "timestamp": 1721161884075,
        "type": 3
    },
    {
        "category": 1,
        "content": 15362232,
        "source": 2,
        "timestamp": 1721161884129,
        "type": 3
    },
    {
        "category": 1,
        "content": 17922944,
        "source": 2,
        "timestamp": 1721161884183,
        "type": 3
    },
    {
        "category": 1,
        "content": 20483040,
        "source": 2,
        "timestamp": 1721161884240,
        "type": 3
    },
    {
        "category": 1,
        "content": 23043752,
        "source": 2,
        "timestamp": 1721161884294,
        "type": 3
    },
    {
        "category": 1,
        "content": 25603848,
        "source": 2,
        "timestamp": 1721161884353,
        "type": 3
    },
    {
        "category": 1,
        "content": 28163944,
        "source": 2,
        "timestamp": 1721161884408,
        "type": 3
    },
    {
        "category": 1,
        "content": 30724656,
        "source": 2,
        "timestamp": 1721161884464,
        "type": 3
    },
    {
        "category": 1,
        "content": 33284752,
        "source": 2,
        "timestamp": 1721161884520,
        "type": 3
    },
    {
        "category": 1,
        "content": 35845464,
        "source": 2,
        "timestamp": 1721161884621,
        "type": 3
    },
    {
        "category": 1,
        "content": 38405560,
        "source": 2,
        "timestamp": 1721161884683,
        "type": 3
    },
    {
        "category": 1,
        "content": 40965656,
        "source": 2,
        "timestamp": 1721161884741,
        "type": 3
    },
    {
        "category": 1,
        "content": 43526368,
        "source": 2,
        "timestamp": 1721161884797,
        "type": 3
    },
    {
        "category": 1,
        "content": 46086464,
        "source": 2,
        "timestamp": 1721161884853,
        "type": 3
    },
    {
        "category": 1,
        "content": 48647176,
        "source": 2,
        "timestamp": 1721161884911,
        "type": 3
    },
    {
        "category": 1,
        "content": 51207272,
        "source": 2,
        "timestamp": 1721161884968,
        "type": 3
    },
    {
        "category": 1,
        "content": 53767984,
        "source": 2,
        "timestamp": 1721161885026,
        "type": 3
    },
    {
        "category": 1,
        "content": 56328080,
        "source": 2,
        "timestamp": 1721161885084,
        "type": 3
    },
    {
        "category": 1,
        "content": 58888176,
        "source": 2,
        "timestamp": 1721161885145,
        "type": 3
    },
    {
        "category": 1,
        "content": 61448888,
        "source": 2,
        "timestamp": 1721161885260,
        "type": 3
    },
    {
        "category": 1,
        "content": 64008984,
        "source": 2,
        "timestamp": 1721161885323,
        "type": 3
    },
    {
        "category": 1,
        "content": 66569696,
        "source": 2,
        "timestamp": 1721161885385,
        "type": 3
    },
    {
        "category": 1,
        "content": 69129792,
        "source": 2,
        "timestamp": 1721161885458,
        "type": 3
    },
    {
        "category": 1,
        "content": 71689888,
        "source": 2,
        "timestamp": 1721161885515,
        "type": 3
    },
    {
        "category": 1,
        "content": 74250600,
        "source": 2,
        "timestamp": 1721161885572,
        "type": 3
    },
    {
        "category": 1,
        "content": 76810696,
        "source": 2,
        "timestamp": 1721161885629,
        "type": 3
    },
    {
        "category": 1,
        "content": 79371408,
        "source": 2,
        "timestamp": 1721161885730,
        "type": 3
    },
    {
        "category": 1,
        "content": 81931504,
        "source": 2,
        "timestamp": 1721161885791,
        "type": 3
    },
    {
        "category": 1,
        "content": 84492216,
        "source": 2,
        "timestamp": 1721161885852,
        "type": 3
    },
    {
        "category": 1,
        "content": 87052312,
        "source": 2,
        "timestamp": 1721161885911,
        "type": 3
    },
    {
        "category": 1,
        "content": 89612408,
        "source": 2,
        "timestamp": 1721161885968,
        "type": 3
    },
    {
        "category": 1,
        "content": 92173120,
        "source": 2,
        "timestamp": 1721161886024,
        "type": 3
    },
    {
        "category": 1,
        "content": 94733216,
        "source": 2,
        "timestamp": 1721161886080,
        "type": 3
    },
    {
        "category": 1,
        "content": 97293928,
        "source": 2,
        "timestamp": 1721161886136,
        "type": 3
    },
    {
        "category": 1,
        "content": 99854024,
        "source": 2,
        "timestamp": 1721161886193,
        "type": 3
    },
    {
        "category": 1,
        "content": 102414120,
        "source": 2,
        "timestamp": 1721161886250,
        "type": 3
    },
    {
        "category": 1,
        "content": 104974832,
        "source": 2,
        "timestamp": 1721161886307,
        "type": 3
    },
    {
        "category": 1,
        "content": 107534928,
        "source": 2,
        "timestamp": 1721161886422,
        "type": 3
    },
    {
        "category": 1,
        "content": 110095640,
        "source": 2,
        "timestamp": 1721161886481,
        "type": 3
    },
    {
        "category": 1,
        "content": 112655736,
        "source": 2,
        "timestamp": 1721161886542,
        "type": 3
    },
    {
        "category": 1,
        "content": 115216448,
        "source": 2,
        "timestamp": 1721161886602,
        "type": 3
    },
    {
        "category": 1,
        "content": 117776544,
        "source": 2,
        "timestamp": 1721161886660,
        "type": 3
    },
    {
        "category": 1,
        "content": 120336640,
        "source": 2,
        "timestamp": 1721161886720,
        "type": 3
    },
    {
        "category": 1,
        "content": 122897352,
        "source": 2,
        "timestamp": 1721161886776,
        "type": 3
    },
    {
        "category": 1,
        "content": 125457448,
        "source": 2,
        "timestamp": 1721161886848,
        "type": 3
    },
    {
        "category": 1,
        "content": 128018160,
        "source": 2,
        "timestamp": 1721161886916,
        "type": 3
    },
    {
        "category": 1,
        "content": 130578256,
        "source": 2,
        "timestamp": 1721161886972,
        "type": 3
    },
    {
        "category": 1,
        "content": 133138968,
        "source": 2,
        "timestamp": 1721161887033,
        "type": 3
    },
    {
        "category": 1,
        "content": 135699064,
        "source": 2,
        "timestamp": 1721161887159,
        "type": 3
    },
    {
        "category": 1,
        "content": 138259160,
        "source": 2,
        "timestamp": 1721161887221,
        "type": 3
    },
    {
        "category": 1,
        "content": 140819872,
        "source": 2,
        "timestamp": 1721161887283,
        "type": 3
    },
    {
        "category": 1,
        "content": 143379968,
        "source": 2,
        "timestamp": 1721161887346,
        "type": 3
    },
    {
        "category": 1,
        "content": 145940680,
        "source": 2,
        "timestamp": 1721161887406,
        "type": 3
    },
    {
        "category": 1,
        "content": 148500776,
        "source": 2,
        "timestamp": 1721161887464,
        "type": 3
    },
    {
        "category": 1,
        "content": 151060872,
        "source": 2,
        "timestamp": 1721161887522,
        "type": 3
    },
    {
        "category": 1,
        "content": 153621584,
        "source": 2,
        "timestamp": 1721161887592,
        "type": 3
    },
    {
        "category": 1,
        "content": 156181680,
        "source": 2,
        "timestamp": 1721161887650,
        "type": 3
    },
    {
        "category": 1,
        "content": 158742392,
        "source": 2,
        "timestamp": 1721161887759,
        "type": 3
    },
    {
        "category": 1,
        "content": 161302488,
        "source": 2,
        "timestamp": 1721161887821,
        "type": 3
    },
    {
        "category": 1,
        "content": 163863200,
        "source": 2,
        "timestamp": 1721161887881,
        "type": 3
    },
    {
        "category": 1,
        "content": 166423296,
        "source": 2,
        "timestamp": 1721161887943,
        "type": 3
    },
    {
        "category": 1,
        "content": 168983392,
        "source": 2,
        "timestamp": 1721161888002,
        "type": 3
    },
    {
        "category": 1,
        "content": 171544104,
        "source": 2,
        "timestamp": 1721161888059,
        "type": 3
    },
    {
        "category": 1,
        "content": 174104200,
        "source": 2,
        "timestamp": 1721161888116,
        "type": 3
    },
    {
        "category": 1,
        "content": 176664912,
        "source": 2,
        "timestamp": 1721161888171,
        "type": 3
    },
    {
        "category": 1,
        "content": 179225008,
        "source": 2,
        "timestamp": 1721161888271,
        "type": 3
    },
    {
        "category": 1,
        "content": 181785104,
        "source": 2,
        "timestamp": 1721161888331,
        "type": 3
    },
    {
        "category": 1,
        "content": 184345816,
        "source": 2,
        "timestamp": 1721161888392,
        "type": 3
    },
    {
        "category": 1,
        "content": 186905912,
        "source": 2,
        "timestamp": 1721161888454,
        "type": 3
    },
    {
        "category": 1,
        "content": 189466624,
        "source": 2,
        "timestamp": 1721161888513,
        "type": 3
    },
    {
        "category": 1,
        "content": 192026720,
        "source": 2,
        "timestamp": 1721161888570,
        "type": 3
    },
    {
        "category": 1,
        "content": 194587432,
        "source": 2,
        "timestamp": 1721161888628,
        "type": 3
    },
    {
        "category": 1,
        "content": 197147528,
        "source": 2,
        "timestamp": 1721161888685,
        "type": 3
    },
    {
        "category": 1,
        "content": 199707624,
        "source": 2,
        "timestamp": 1721161888743,
        "type": 3
    },
    {
        "category": 1,
        "content": 202268336,
        "source": 2,
        "timestamp": 1721161888800,
        "type": 3
    },
    {
        "category": 1,
        "content": 204828432,
        "source": 2,
        "timestamp": 1721161888913,
        "type": 3
    },
    {
        "category": 1,
        "content": 207389144,
        "source": 2,
        "timestamp": 1721161888976,
        "type": 3
    },
    {
        "category": 1,
        "content": 209949240,
        "source": 2,
        "timestamp": 1721161889037,
        "type": 3
    },
    {
        "category": 1,
        "content": 212509336,
        "source": 2,
        "timestamp": 1721161889100,
        "type": 3
    },
    {
        "category": 1,
        "content": 215070048,
        "source": 2,
        "timestamp": 1721161889160,
        "type": 3
    },
    {
        "category": 1,
        "content": 217630144,
        "source": 2,
        "timestamp": 1721161889219,
        "type": 3
    },
    {
        "category": 1,
        "content": 220190856,
        "source": 2,
        "timestamp": 1721161889276,
        "type": 3
    },
    {
        "category": 1,
        "content": 222750952,
        "source": 2,
        "timestamp": 1721161889333,
        "type": 3
    },
    {
        "category": 1,
        "content": 225311664,
        "source": 2,
        "timestamp": 1721161889390,
        "type": 3
    },
    {
        "category": 1,
        "content": 227871760,
        "source": 2,
        "timestamp": 1721161889446,
        "type": 3
    },
    {
        "category": 1,
        "content": 230431856,
        "source": 2,
        "timestamp": 1721161889502,
        "type": 3
    },
    {
        "category": 1,
        "content": 232992568,
        "source": 2,
        "timestamp": 1721161889627,
        "type": 3
    },
    {
        "category": 1,
        "content": 235552664,
        "source": 2,
        "timestamp": 1721161889688,
        "type": 3
    },
    {
        "category": 1,
        "module": "/mnt/lustre/a2fs-work3/work/m23oc/m23oc/s2484724/miniconda3/envs/gmy-tool/lib/libvtkRenderingVtkJS-9.1.so.9.1.0",
        "phase": 3,
        "source": 2,
        "timestamp": 1721161889733,
        "type": 5
    }
]
[
    {
        "category": 1,
        "module": "/mnt/lustre/a2fs-work3/work/m23oc/m23oc/s2484724/miniconda3/envs/gmy-tool/bin/python3.8",
        "phase": 3,
        "source": 2,
        "timestamp": 1721161882232,
        "type": 5
    },
    {
        "category": 1,
        "module": "/mnt/lustre/a2fs-work3/work/m23oc/m23oc/s2484724/miniconda3/envs/gmy-tool/lib/python3.8/site-packages/vtkmodules/vtkCommonCore.cpython-38-x86_64-linux-gnu.so",
        "phase": 3,
        "source": 2,
        "timestamp": 1721161882281,
        "type": 5
    },
    {
        "category": 1,
        "module": "/mnt/lustre/a2fs-work3/work/m23oc/m23oc/s2484724/miniconda3/envs/gmy-tool/lib/libstdc++.so.6.0.33",
        "phase": 3,
        "source": 2,
        "timestamp": 1721161882501,
        "type": 5
    },
    {
        "category": 1,
        "module": "/lib64/libpthread-2.31.so",
        "phase": 3,
        "source": 2,
        "timestamp": 1721161882766,
        "type": 5
    },
    {
        "category": 1,
        "module": "/mnt/lustre/a2fs-work3/work/m23oc/m23oc/s2484724/miniconda3/envs/gmy-tool/lib/python3.8/site-packages/vtkmodules/vtkIOGeometry.cpython-38-x86_64-linux-gnu.so",
        "phase": 3,
        "source": 2,
        "timestamp": 1721161882816,
        "type": 5
    },
    {
        "category": 1,
        "content": 2560896,
        "source": 2,
        "timestamp": 1721161883056,
        "type": 3
    },
    {
        "category": 1,
        "content": 5120992,
        "source": 2,
        "timestamp": 1721161883061,
        "type": 3
    },
    {
        "category": 1,
        "module": "/mnt/lustre/a2fs-work3/work/m23oc/m23oc/s2484724/miniconda3/envs/gmy-tool/lib/python3.8/site-packages/numpy/core/_multiarray_umath.cpython-38-x86_64-linux-gnu.so",
        "phase": 3,
        "source": 2,
        "timestamp": 1721161883116,
        "type": 5
    },
    {
        "category": 1,
        "module": "/mnt/lustre/a2fs-work3/work/m23oc/m23oc/s2484724/miniconda3/envs/gmy-tool/lib/libvtkIOGeometry-9.1.so.9.1.0",
        "phase": 3,
        "source": 2,
        "timestamp": 1721161883323,
        "type": 5
    },
    {
        "category": 1,
        "content": 7681600,
        "source": 2,
        "timestamp": 1721161883329,
        "type": 3
    },
    {
        "category": 1,
        "module": "/mnt/lustre/a2fs-work3/work/m23oc/m23oc/s2484724/miniconda3/envs/gmy-tool/lib/libvtkCommonCore-9.1.so.9.1.0",
        "phase": 3,
        "source": 2,
        "timestamp": 1721161883392,
        "type": 5
    },
    {
        "category": 1,
        "module": "/mnt/lustre/a2fs-work3/work/m23oc/m23oc/s2484724/miniconda3/envs/gmy-tool/lib/python3.8/site-packages/vtkmodules/vtkCommonDataModel.cpython-38-x86_64-linux-gnu.so",
        "phase": 3,
        "source": 2,
        "timestamp": 1721161883422,
        "type": 5
    },
    {
        "category": 1,
        "module": "/lib64/libm-2.31.so",
        "phase": 3,
        "source": 2,
        "timestamp": 1721161883438,
        "type": 5
    },
    {
        "category": 1,
        "module": "/mnt/lustre/a2fs-work3/work/m23oc/m23oc/s2484724/miniconda3/envs/gmy-tool/lib/libitkgdcmcharls-5.2.so.1",
        "phase": 3,
        "source": 2,
        "timestamp": 1721161883500,
        "type": 5
    },
    {
        "category": 1,
        "module": "/mnt/lustre/a2fs-work3/work/m23oc/m23oc/s2484724/miniconda3/envs/gmy-tool/lib/libitkgdcmDICT-5.2.so.1",
        "phase": 3,
        "source": 2,
        "timestamp": 1721161883501,
        "type": 5
    },
    {
        "category": 1,
        "module": "/mnt/lustre/a2fs-work3/work/m23oc/m23oc/s2484724/miniconda3/envs/gmy-tool/lib/libitkgdcmDSED-5.2.so.1",
        "phase": 3,
        "source": 2,
        "timestamp": 1721161883504,
        "type": 5
    },
    {
        "category": 1,
        "module": "/mnt/lustre/a2fs-work3/work/m23oc/m23oc/s2484724/miniconda3/envs/gmy-tool/lib/libhdf5.so.200.2.0",
        "phase": 3,
        "source": 2,
        "timestamp": 1721161883530,
        "type": 5
    },
    {
        "category": 1,
        "content": 10241856,
        "source": 2,
        "timestamp": 1721161883781,
        "type": 3
    },
    {
        "category": 1,
        "module": "/mnt/lustre/a2fs-work3/work/m23oc/m23oc/s2484724/miniconda3/envs/gmy-tool/lib/libvtkFiltersGeneral-9.1.so.9.1.0",
        "phase": 3,
        "source": 2,
        "timestamp": 1721161883801,
        "type": 5
    },
    {
        "category": 1,
        "module": "/mnt/lustre/a2fs-work3/work/m23oc/m23oc/s2484724/miniconda3/envs/gmy-tool/lib/python3.8/site-packages/HlbGmyTool/Model/Generation.cpython-38-x86_64-linux-gnu.so",
        "phase": 3,
        "source": 2,
        "timestamp": 1721161884019,
        "type": 5
    },
    {
        "category": 1,
        "module": "/mnt/lustre/a2fs-work3/work/m23oc/m23oc/s2484724/miniconda3/envs/gmy-tool/lib/libquadmath.so.0.0.0",
        "phase": 3,
        "source": 2,
        "timestamp": 1721161884026,
        "type": 5
    },
    {
        "category": 1,
        "module": "/mnt/lustre/a2fs-work3/work/m23oc/m23oc/s2484724/miniconda3/envs/gmy-tool/lib/libz.so.1.2.13",
        "phase": 3,
        "source": 2,
        "timestamp": 1721161884063,
        "type": 5
    },
    {
        "category": 1,
        "content": 12802136,
        "source": 2,
        "timestamp": 1721161884075,
        "type": 3
    },
    {
        "category": 1,
        "content": 15362232,
        "source": 2,
        "timestamp": 1721161884129,
        "type": 3
    },
    {
        "category": 1,
        "content": 17922944,
        "source": 2,
        "timestamp": 1721161884183,
        "type": 3
    },
    {
        "category": 1,
        "content": 20483040,
        "source": 2,
        "timestamp": 1721161884240,
        "type": 3
    },
    {
        "category": 1,
        "content": 23043752,
        "source": 2,
        "timestamp": 1721161884294,
        "type": 3
    },
    {
        "category": 1,
        "content": 25603848,
        "source": 2,
        "timestamp": 1721161884353,
        "type": 3
    },
    {
        "category": 1,
        "content": 28163944,
        "source": 2,
        "timestamp": 1721161884408,
        "type": 3
    },
    {
        "category": 1,
        "content": 30724656,
        "source": 2,
        "timestamp": 1721161884464,
        "type": 3
    },
    {
        "category": 1,
        "content": 33284752,
        "source": 2,
        "timestamp": 1721161884520,
        "type": 3
    },
    {
        "category": 1,
        "content": 35845464,
        "source": 2,
        "timestamp": 1721161884621,
        "type": 3
    },
    {
        "category": 1,
        "content": 38405560,
        "source": 2,
        "timestamp": 1721161884683,
        "type": 3
    },
    {
        "category": 1,
        "content": 40965656,
        "source": 2,
        "timestamp": 1721161884741,
        "type": 3
    },
    {
        "category": 1,
        "content": 43526368,
        "source": 2,
        "timestamp": 1721161884797,
        "type": 3
    },
    {
        "category": 1,
        "content": 46086464,
        "source": 2,
        "timestamp": 1721161884853,
        "type": 3
    },
    {
        "category": 1,
        "content": 48647176,
        "source": 2,
        "timestamp": 1721161884911,
        "type": 3
    },
    {
        "category": 1,
        "content": 51207272,
        "source": 2,
        "timestamp": 1721161884968,
        "type": 3
    },
    {
        "category": 1,
        "content": 53767984,
        "source": 2,
        "timestamp": 1721161885026,
        "type": 3
    },
    {
        "category": 1,
        "content": 56328080,
        "source": 2,
        "timestamp": 1721161885084,
        "type": 3
    },
    {
        "category": 1,
        "content": 58888176,
        "source": 2,
        "timestamp": 1721161885145,
        "type": 3
    },
    {
        "category": 1,
        "content": 61448888,
        "source": 2,
        "timestamp": 1721161885260,
        "type": 3
    },
    {
        "category": 1,
        "content": 64008984,
        "source": 2,
        "timestamp": 1721161885323,
        "type": 3
    },
    {
        "category": 1,
        "content": 66569696,
        "source": 2,
        "timestamp": 1721161885385,
        "type": 3
    },
    {
        "category": 1,
        "content": 69129792,
        "source": 2,
        "timestamp": 1721161885458,
        "type": 3
    },
    {
        "category": 1,
        "content": 71689888,
        "source": 2,
        "timestamp": 1721161885515,
        "type": 3
    },
    {
        "category": 1,
        "content": 74250600,
        "source": 2,
        "timestamp": 1721161885572,
        "type": 3
    },
    {
        "category": 1,
        "content": 76810696,
        "source": 2,
        "timestamp": 1721161885629,
        "type": 3
    },
    {
        "category": 1,
        "content": 79371408,
        "source": 2,
        "timestamp": 1721161885730,
        "type": 3
    },
    {
        "category": 1,
        "content": 81931504,
        "source": 2,
        "timestamp": 1721161885791,
        "type": 3
    },
    {
        "category": 1,
        "content": 84492216,
        "source": 2,
        "timestamp": 1721161885852,
        "type": 3
    },
    {
        "category": 1,
        "content": 87052312,
        "source": 2,
        "timestamp": 1721161885911,
        "type": 3
    },
    {
        "category": 1,
        "content": 89612408,
        "source": 2,
        "timestamp": 1721161885968,
        "type": 3
    },
    {
        "category": 1,
        "content": 92173120,
        "source": 2,
        "timestamp": 1721161886024,
        "type": 3
    },
    {
        "category": 1,
        "content": 94733216,
        "source": 2,
        "timestamp": 1721161886080,
        "type": 3
    },
    {
        "category": 1,
        "content": 97293928,
        "source": 2,
        "timestamp": 1721161886136,
        "type": 3
    },
    {
        "category": 1,
        "content": 99854024,
        "source": 2,
        "timestamp": 1721161886193,
        "type": 3
    },
    {
        "category": 1,
        "content": 102414120,
        "source": 2,
        "timestamp": 1721161886250,
        "type": 3
    },
    {
        "category": 1,
        "content": 104974832,
        "source": 2,
        "timestamp": 1721161886307,
        "type": 3
    },
    {
        "category": 1,
        "content": 107534928,
        "source": 2,
        "timestamp": 1721161886422,
        "type": 3
    },
    {
        "category": 1,
        "content": 110095640,
        "source": 2,
        "timestamp": 1721161886481,
        "type": 3
    },
    {
        "category": 1,
        "content": 112655736,
        "source": 2,
        "timestamp": 1721161886542,
        "type": 3
    },
    {
        "category": 1,
        "content": 115216448,
        "source": 2,
        "timestamp": 1721161886602,
        "type": 3
    },
    {
        "category": 1,
        "content": 117776544,
        "source": 2,
        "timestamp": 1721161886660,
        "type": 3
    },
    {
        "category": 1,
        "content": 120336640,
        "source": 2,
        "timestamp": 1721161886720,
        "type": 3
    },
    {
        "category": 1,
        "content": 122897352,
        "source": 2,
        "timestamp": 1721161886776,
        "type": 3
    },
    {
        "category": 1,
        "content": 125457448,
        "source": 2,
        "timestamp": 1721161886848,
        "type": 3
    },
    {
        "category": 1,
        "content": 128018160,
        "source": 2,
        "timestamp": 1721161886916,
        "type": 3
    },
    {
        "category": 1,
        "content": 130578256,
        "source": 2,
        "timestamp": 1721161886972,
        "type": 3
    },
    {
        "category": 1,
        "content": 133138968,
        "source": 2,
        "timestamp": 1721161887033,
        "type": 3
    },
    {
        "category": 1,
        "content": 135699064,
        "source": 2,
        "timestamp": 1721161887159,
        "type": 3
    },
    {
        "category": 1,
        "content": 138259160,
        "source": 2,
        "timestamp": 1721161887221,
        "type": 3
    },
    {
        "category": 1,
        "content": 140819872,
        "source": 2,
        "timestamp": 1721161887283,
        "type": 3
    },
    {
        "category": 1,
        "content": 143379968,
        "source": 2,
        "timestamp": 1721161887346,
        "type": 3
    },
    {
        "category": 1,
        "content": 145940680,
        "source": 2,
        "timestamp": 1721161887406,
        "type": 3
    },
    {
        "category": 1,
        "content": 148500776,
        "source": 2,
        "timestamp": 1721161887464,
        "type": 3
    },
    {
        "category": 1,
        "content": 151060872,
        "source": 2,
        "timestamp": 1721161887522,
        "type": 3
    },
    {
        "category": 1,
        "content": 153621584,
        "source": 2,
        "timestamp": 1721161887592,
        "type": 3
    },
    {
        "category": 1,
        "content": 156181680,
        "source": 2,
        "timestamp": 1721161887650,
        "type": 3
    },
    {
        "category": 1,
        "content": 158742392,
        "source": 2,
        "timestamp": 1721161887759,
        "type": 3
    },
    {
        "category": 1,
        "content": 161302488,
        "source": 2,
        "timestamp": 1721161887821,
        "type": 3
    },
    {
        "category": 1,
        "content": 163863200,
        "source": 2,
        "timestamp": 1721161887881,
        "type": 3
    },
    {
        "category": 1,
        "content": 166423296,
        "source": 2,
        "timestamp": 1721161887943,
        "type": 3
    },
    {
        "category": 1,
        "content": 168983392,
        "source": 2,
        "timestamp": 1721161888002,
        "type": 3
    },
    {
        "category": 1,
        "content": 171544104,
        "source": 2,
        "timestamp": 1721161888059,
        "type": 3
    },
    {
        "category": 1,
        "content": 174104200,
        "source": 2,
        "timestamp": 1721161888116,
        "type": 3
    },
    {
        "category": 1,
        "content": 176664912,
        "source": 2,
        "timestamp": 1721161888171,
        "type": 3
    },
    {
        "category": 1,
        "content": 179225008,
        "source": 2,
        "timestamp": 1721161888271,
        "type": 3
    },
    {
        "category": 1,
        "content": 181785104,
        "source": 2,
        "timestamp": 1721161888331,
        "type": 3
    },
    {
        "category": 1,
        "content": 184345816,
        "source": 2,
        "timestamp": 1721161888392,
        "type": 3
    },
    {
        "category": 1,
        "content": 186905912,
        "source": 2,
        "timestamp": 1721161888454,
        "type": 3
    },
    {
        "category": 1,
        "content": 189466624,
        "source": 2,
        "timestamp": 1721161888513,
        "type": 3
    },
    {
        "category": 1,
        "content": 192026720,
        "source": 2,
        "timestamp": 1721161888570,
        "type": 3
    },
    {
        "category": 1,
        "content": 194587432,
        "source": 2,
        "timestamp": 1721161888628,
        "type": 3
    },
    {
        "category": 1,
        "content": 197147528,
        "source": 2,
        "timestamp": 1721161888685,
        "type": 3
    },
    {
        "category": 1,
        "content": 199707624,
        "source": 2,
        "timestamp": 1721161888743,
        "type": 3
    },
    {
        "category": 1,
        "content": 202268336,
        "source": 2,
        "timestamp": 1721161888800,
        "type": 3
    },
    {
        "category": 1,
        "content": 204828432,
        "source": 2,
        "timestamp": 1721161888913,
        "type": 3
    },
    {
        "category": 1,
        "content": 207389144,
        "source": 2,
        "timestamp": 1721161888976,
        "type": 3
    },
    {
        "category": 1,
        "content": 209949240,
        "source": 2,
        "timestamp": 1721161889037,
        "type": 3
    },
    {
        "category": 1,
        "content": 212509336,
        "source": 2,
        "timestamp": 1721161889100,
        "type": 3
    },
    {
        "category": 1,
        "content": 215070048,
        "source": 2,
        "timestamp": 1721161889160,
        "type": 3
    },
    {
        "category": 1,
        "content": 217630144,
        "source": 2,
        "timestamp": 1721161889219,
        "type": 3
    },
    {
        "category": 1,
        "content": 220190856,
        "source": 2,
        "timestamp": 1721161889276,
        "type": 3
    },
    {
        "category": 1,
        "content": 222750952,
        "source": 2,
        "timestamp": 1721161889333,
        "type": 3
    },
    {
        "category": 1,
        "content": 225311664,
        "source": 2,
        "timestamp": 1721161889390,
        "type": 3
    },
    {
        "category": 1,
        "content": 227871760,
        "source": 2,
        "timestamp": 1721161889446,
        "type": 3
    },
    {
        "category": 1,
        "content": 230431856,
        "source": 2,
        "timestamp": 1721161889502,
        "type": 3
    },
    {
        "category": 1,
        "content": 232992568,
        "source": 2,
        "timestamp": 1721161889627,
        "type": 3
    },
    {
        "category": 1,
        "content": 235552664,
        "source": 2,
        "timestamp": 1721161889688,
        "type": 3
    },
    {
        "category": 1,
        "module": "/mnt/lustre/a2fs-work3/work/m23oc/m23oc/s2484724/miniconda3/envs/gmy-tool/lib/libvtkRenderingVtkJS-9.1.so.9.1.0",
        "phase": 3,
        "source": 2,
        "timestamp": 1721161889733,
        "type": 5
    }
]
[
    {
        "category": 0,
        "content": "",
        "source": 0,
        "timestamp": 0,
        "type": 0
    }
]
