
"AMD uProf (Version:4.0.341.0)"
PERFORMANCE ANALYSIS REPORT

EXECUTION
Target Path:,"hlb-gmy-cli"
Command Line Arguments:,"--voxel 0.00001 CoW30.pr2 "
Working Directory:,"/mnt/lustre/a2fs-work3/work/m23oc/m23oc/s2484724/hemelb-tests/diffTest"
Environment Variables:
CPU Details:,"Family(0x17), Model(0x31), Number of Cores(256)"
Operating System:,"LinuxSUSE Linux Enterprise Server 15 SP4-64 Kernel:5.14.21-150400.24.46_12.0.63-cray_shasta_c"

PROFILE DETAILS
Profile Session Type:,"Time-based Sampling"
Profile Scope:,"Single Application"
CPU Mask:,"0-255"
CPU Affinity Mask:,"0-255"
Profile Start Time:,"Tue Jul 16 21:25:42 2024"
Profile End Time:,"Tue Jul 16 21:26:40 2024"
Profile Duration:,"58.860 seconds"
Data Folder:,"/mnt/lustre/a2fs-work3/work/m23oc/m23oc/s2484724/hemelb-tests/diffTest/prof/AMDuProf-hlb-gmy-cli-TBP_Jul-16-2024_21-25-36"
Virtual Machine:,"No"
Call Stack Sampling:,"True"
Call Stack Overcome frame-pointer omission:,"True"

MONITORED EVENTS
TBP Events:,Name,Interval,Description
,"CPU_TIME","1.000 milliseconds","CPU Time is the time in which the CPU core is executing the code."

"10 HOTTEST FUNCTIONS (Sort Event - CPU_TIME)"
FUNCTION,"CPU_TIME",Module
"LaterNeighbourIterator::IsCurrentValid()",101936.0000,"/mnt/lustre/a2fs-work3/work/m23oc/m23oc/s2484724/miniconda3/envs/gmy-tool/lib/python3.8/site-packages/HlbGmyTool/Model/Generation.cpython-38-x86_64-linux-gnu.so"
"NeighbourIteratorBase::operator*()",59629.0000,"/mnt/lustre/a2fs-work3/work/m23oc/m23oc/s2484724/miniconda3/envs/gmy-tool/lib/python3.8/site-packages/HlbGmyTool/Model/Generation.cpython-38-x86_64-linux-gnu.so"
"CGAL::Intersections::internal::Do_intersect_bbox_segment_aux_is_greater<double, true, true>::result_type CGAL::Intersections::internal::do_intersect_bbox_segment_aux<double, double, true, true, true>(double const&, double const&, double const&, double const&, double const&, double const&, double const&, double const&, double const&, double const&, double const&, double const&)",54421.0000,"/mnt/lustre/a2fs-work3/work/m23oc/m23oc/s2484724/miniconda3/envs/gmy-tool/lib/python3.8/site-packages/HlbGmyTool/Model/Generation.cpython-38-x86_64-linux-gnu.so"
"void CGAL::AABB_node<CGAL::AABB_traits<CGAL::Epick, CGAL::AABB_polyhedron_triangle_primitive<CGAL::Epick, CGAL::Polyhedron_3<CGAL::Epick, CGAL::Polyhedron_items_with_id_3, CGAL::HalfedgeDS_default, std::allocator<int> > >, CGAL::Default> >::traversal<CGAL::internal::AABB_tree::Listing_primitive_traits<CGAL::AABB_traits<CGAL::Epick, CGAL::AABB_polyhedron_triangle_primitive<CGAL::Epick, CGAL::Polyhedron_3<CGAL::Epick, CGAL::Polyhedron_items_with_id_3, CGAL::HalfedgeDS_default, std::allocator<int> > >, CGAL::Default>, CGAL::Segment_3<CGAL::Epick>, CGAL::internal::AABB_tree::Counting_output_iterator<CGAL::internal::In_place_list_iterator<CGAL::HalfedgeDS_in_place_list_face<CGAL::I_Polyhedron_facet<CGAL::HalfedgeDS_face_max_base_with_id<CGAL::HalfedgeDS_list_types<CGAL::Epick, CGAL::I_Polyhedron_derived_items_3<CGAL::Polyhedron_items_with_id_3>, std::allocator<int> >, CGAL::Boolean_tag<false>, unsigned long> > >, std::allocator<CGAL::HalfedgeDS_in_place_list_face<CGAL::I_Polyhedron_facet<CGAL::HalfedgeDS_face_max_base_with_id<CGAL::HalfedgeDS_list_types<CGAL::Epick, CGAL::I_Polyhedron_derived_items_3<CGAL::Polyhedron_items_with_id_3>, std::allocator<int> >, CGAL::Boolean_tag<false>, unsigned long> > > > >, unsigned long> >, CGAL::Segment_3<CGAL::Epick> >(CGAL::Segment_3<CGAL::Epick> const&, CGAL::internal::AABB_tree::Listing_primitive_traits<CGAL::AABB_traits<CGAL::Epick, CGAL::AABB_polyhedron_triangle_primitive<CGAL::Epick, CGAL::Polyhedron_3<CGAL::Epick, CGAL::Polyhedron_items_with_id_3, CGAL::HalfedgeDS_default, std::allocator<int> > >, CGAL::Default>, CGAL::Segment_3<CGAL::Epick>, CGAL::internal::AABB_tree::Counting_output_iterator<CGAL::internal::In_place_list_iterator<CGAL::HalfedgeDS_in_place_list_face<CGAL::I_Polyhedron_facet<CGAL::HalfedgeDS_face_max_base_with_id<CGAL::HalfedgeDS_list_types<CGAL::Epick, CGAL::I_Polyhedron_derived_items_3<CGAL::Polyhedron_items_with_id_3>, std::allocator<int> >, CGAL::Boolean_tag<false>, unsigned long> > >, std::allocator<CGAL::HalfedgeDS_in_place_list_face<CGAL::I_Polyhedron_facet<CGAL::HalfedgeDS_face_max_base_with_id<CGAL::HalfedgeDS_list_types<CGAL::Epick, CGAL::I_Polyhedron_derived_items_3<CGAL::Polyhedron_items_with_id_3>, std::allocator<int> >, CGAL::Boolean_tag<false>, unsigned long> > > > >, unsigned long> >&, unsigned long) const",22815.0000,"/mnt/lustre/a2fs-work3/work/m23oc/m23oc/s2484724/miniconda3/envs/gmy-tool/lib/python3.8/site-packages/HlbGmyTool/Model/Generation.cpython-38-x86_64-linux-gnu.so"
"GeometryGenerator::CheckWriting(Domain&, GeometryWriter&)",19542.0000,"/mnt/lustre/a2fs-work3/work/m23oc/m23oc/s2484724/miniconda3/envs/gmy-tool/lib/python3.8/site-packages/HlbGmyTool/Model/Generation.cpython-38-x86_64-linux-gnu.so"
"void CGAL::AABB_node<CGAL::AABB_traits<CGAL::Epick, CGAL::AABB_polyhedron_triangle_primitive<CGAL::Epick, CGAL::Polyhedron_3<CGAL::Epick, CGAL::Polyhedron_items_with_id_3, CGAL::HalfedgeDS_default, std::allocator<int> > >, CGAL::Default> >::traversal<CGAL::internal::AABB_tree::Listing_intersection_traits<CGAL::AABB_traits<CGAL::Epick, CGAL::AABB_polyhedron_triangle_primitive<CGAL::Epick, CGAL::Polyhedron_3<CGAL::Epick, CGAL::Polyhedron_items_with_id_3, CGAL::HalfedgeDS_default, std::allocator<int> > >, CGAL::Default>, CGAL::Segment_3<CGAL::Epick>, std::back_insert_iterator<std::vector<std::pair<CGAL::Object, CGAL::internal::In_place_list_iterator<CGAL::HalfedgeDS_in_place_list_face<CGAL::I_Polyhedron_facet<CGAL::HalfedgeDS_face_max_base_with_id<CGAL::HalfedgeDS_list_types<CGAL::Epick, CGAL::I_Polyhedron_derived_items_3<CGAL::Polyhedron_items_with_id_3>, std::allocator<int> >, CGAL::Boolean_tag<false>, unsigned long> > >, std::allocator<CGAL::HalfedgeDS_in_place_list_face<CGAL::I_Polyhedron_facet<CGAL::HalfedgeDS_face_max_base_with_id<CGAL::HalfedgeDS_list_types<CGAL::Epick, CGAL::I_Polyhedron_derived_items_3<CGAL::Polyhedron_items_with_id_3>, std::allocator<int> >, CGAL::Boolean_tag<false>, unsigned long> > > > > >, std::allocator<std::pair<CGAL::Object, CGAL::internal::In_place_list_iterator<CGAL::HalfedgeDS_in_place_list_face<CGAL::I_Polyhedron_facet<CGAL::HalfedgeDS_face_max_base_with_id<CGAL::HalfedgeDS_list_types<CGAL::Epick, CGAL::I_Polyhedron_derived_items_3<CGAL::Polyhedron_items_with_id_3>, std::allocator<int> >, CGAL::Boolean_tag<false>, unsigned long> > >, std::allocator<CGAL::HalfedgeDS_in_place_list_face<CGAL::I_Polyhedron_facet<CGAL::HalfedgeDS_face_max_base_with_id<CGAL::HalfedgeDS_list_types<CGAL::Epick, CGAL::I_Polyhedron_derived_items_3<CGAL::Polyhedron_items_with_id_3>, std::allocator<int> >, CGAL::Boolean_tag<false>, unsigned long> > > > > > > > > >, CGAL::Segment_3<CGAL::Epick> >(CGAL::Segment_3<CGAL::Epick> const&, CGAL::internal::AABB_tree::Listing_intersection_traits<CGAL::AABB_traits<CGAL::Epick, CGAL::AABB_polyhedron_triangle_primitive<CGAL::Epick, CGAL::Polyhedron_3<CGAL::Epick, CGAL::Polyhedron_items_with_id_3, CGAL::HalfedgeDS_default, std::allocator<int> > >, CGAL::Default>, CGAL::Segment_3<CGAL::Epick>, std::back_insert_iterator<std::vector<std::pair<CGAL::Object, CGAL::internal::In_place_list_iterator<CGAL::HalfedgeDS_in_place_list_face<CGAL::I_Polyhedron_facet<CGAL::HalfedgeDS_face_max_base_with_id<CGAL::HalfedgeDS_list_types<CGAL::Epick, CGAL::I_Polyhedron_derived_items_3<CGAL::Polyhedron_items_with_id_3>, std::allocator<int> >, CGAL::Boolean_tag<false>, unsigned long> > >, std::allocator<CGAL::HalfedgeDS_in_place_list_face<CGAL::I_Polyhedron_facet<CGAL::HalfedgeDS_face_max_base_with_id<CGAL::HalfedgeDS_list_types<CGAL::Epick, CGAL::I_Polyhedron_derived_items_3<CGAL::Polyhedron_items_with_id_3>, std::allocator<int> >, CGAL::Boolean_tag<false>, unsigned long> > > > > >, std::allocator<std::pair<CGAL::Object, CGAL::internal::In_place_list_iterator<CGAL::HalfedgeDS_in_place_list_face<CGAL::I_Polyhedron_facet<CGAL::HalfedgeDS_face_max_base_with_id<CGAL::HalfedgeDS_list_types<CGAL::Epick, CGAL::I_Polyhedron_derived_items_3<CGAL::Polyhedron_items_with_id_3>, std::allocator<int> >, CGAL::Boolean_tag<false>, unsigned long> > >, std::allocator<CGAL::HalfedgeDS_in_place_list_face<CGAL::I_Polyhedron_facet<CGAL::HalfedgeDS_face_max_base_with_id<CGAL::HalfedgeDS_list_types<CGAL::Epick, CGAL::I_Polyhedron_derived_items_3<CGAL::Polyhedron_items_with_id_3>, std::allocator<int> >, CGAL::Boolean_tag<false>, unsigned long> > > > > > > > > >&, unsigned long) const",18645.0000,"/mnt/lustre/a2fs-work3/work/m23oc/m23oc/s2484724/miniconda3/envs/gmy-tool/lib/python3.8/site-packages/HlbGmyTool/Model/Generation.cpython-38-x86_64-linux-gnu.so"
"CGAL::internal::Static_filters_predicates::Orientation_3<CGAL::Filtered_kernel_base<CGAL::Type_equality_wrapper<CGAL::Cartesian_base_no_ref_count<double, CGAL::Epick>, CGAL::Epick> > >::operator()(CGAL::Point_3<CGAL::Epick> const&, CGAL::Point_3<CGAL::Epick> const&, CGAL::Point_3<CGAL::Epick> const&, CGAL::Point_3<CGAL::Epick> const&) const",14780.0000,"/mnt/lustre/a2fs-work3/work/m23oc/m23oc/s2484724/miniconda3/envs/gmy-tool/lib/python3.8/site-packages/HlbGmyTool/Model/Generation.cpython-38-x86_64-linux-gnu.so"
"PolyDataGenerator::ComputeIntersectionsCGAL(Site&, Site&)",13752.0000,"/mnt/lustre/a2fs-work3/work/m23oc/m23oc/s2484724/miniconda3/envs/gmy-tool/lib/python3.8/site-packages/HlbGmyTool/Model/Generation.cpython-38-x86_64-linux-gnu.so"
"NeighbourIteratorBase::IsCurrentInDomain()",13211.0000,"/mnt/lustre/a2fs-work3/work/m23oc/m23oc/s2484724/miniconda3/envs/gmy-tool/lib/python3.8/site-packages/HlbGmyTool/Model/Generation.cpython-38-x86_64-linux-gnu.so"
"PolyDataGenerator::ClassifySite(Site&)",7832.0000,"/mnt/lustre/a2fs-work3/work/m23oc/m23oc/s2484724/miniconda3/envs/gmy-tool/lib/python3.8/site-packages/HlbGmyTool/Model/Generation.cpython-38-x86_64-linux-gnu.so"

"10 HOTTEST PROCESSES (Sort Event - CPU_TIME)"
PROCESS,"CPU_TIME"
"hlb-gmy-cli (PID:221290)",368841.0000

"10 HOTTEST MODULES (Sort Event - CPU_TIME)"
MODULE,"CPU_TIME"
"/mnt/lustre/a2fs-work3/work/m23oc/m23oc/s2484724/miniconda3/envs/gmy-tool/lib/python3.8/site-packages/HlbGmyTool/Model/Generation.cpython-38-x86_64-linux-gnu.so",356480.0000
"/mnt/lustre/a2fs-work3/work/m23oc/m23oc/s2484724/miniconda3/envs/gmy-tool/lib/libz.so.1.2.13",4060.0000
"/lib64/ld-2.31.so",3225.0000
"/lib64/libc-2.31.so",3205.0000
"/mnt/lustre/a2fs-work3/work/m23oc/m23oc/s2484724/miniconda3/envs/gmy-tool/lib/libvtkCommonDataModel-9.1.so.9.1.0",504.0000
"/lib64/libpthread-2.31.so",413.0000
"/mnt/lustre/a2fs-work3/work/m23oc/m23oc/s2484724/miniconda3/envs/gmy-tool/bin/python3.8",312.0000
"/mnt/lustre/a2fs-work3/work/m23oc/m23oc/s2484724/miniconda3/envs/gmy-tool/lib/libvtkCommonCore-9.1.so.9.1.0",228.0000
"/mnt/lustre/a2fs-work3/work/m23oc/m23oc/s2484724/miniconda3/envs/gmy-tool/lib/libstdc++.so.6.0.33",154.0000
"/mnt/lustre/a2fs-work3/work/m23oc/m23oc/s2484724/miniconda3/envs/gmy-tool/lib/libvtkFiltersGeneral-9.1.so.9.1.0",79.0000

"10 HOTTEST THREADS (Sort Event - CPU_TIME)"
THREAD,"CPU_TIME"
"Thread-221587 (PID:221290)",19651.0000
"hlb-gmy-cli [TID:221290] (PID:221290)",9390.0000
"Thread-221471 (PID:221290)",2833.0000
"Thread-221470 (PID:221290)",2817.0000
"Thread-221492 (PID:221290)",2813.0000
"Thread-221575 (PID:221290)",2797.0000
"Thread-221554 (PID:221290)",2784.0000
"Thread-221479 (PID:221290)",2780.0000
"Thread-221491 (PID:221290)",2780.0000
"Thread-221521 (PID:221290)",2780.0000