[
    {
        "category": 1,
        "module": "/lib64/ld-2.31.so",
        "phase": 3,
        "source": 2,
        "timestamp": 1721208132312,
        "type": 5
    },
    {
        "category": 1,
        "module": "/lib64/libc-2.31.so",
        "phase": 3,
        "source": 2,
        "timestamp": 1721208132320,
        "type": 5
    },
    {
        "category": 1,
        "module": "/mnt/lustre/a2fs-work3/work/m23oc/m23oc/s2484724/miniconda3/envs/gmy-tool/lib/libstdc++.so.6.0.33",
        "phase": 3,
        "source": 2,
        "timestamp": 1721208133362,
        "type": 5
    },
    {
        "category": 1,
        "module": "/mnt/lustre/a2fs-work3/work/m23oc/m23oc/s2484724/miniconda3/envs/gmy-tool/lib/python3.8/site-packages/vtkmodules/vtkInteractionWidgets.cpython-38-x86_64-linux-gnu.so",
        "phase": 3,
        "source": 2,
        "timestamp": 1721208144935,
        "type": 5
    },
    {
        "category": 1,
        "module": "/mnt/lustre/a2fs-work3/work/m23oc/m23oc/s2484724/miniconda3/envs/gmy-tool/lib/python3.8/site-packages/vtkmodules/vtkIOMINC.cpython-38-x86_64-linux-gnu.so",
        "phase": 3,
        "source": 2,
        "timestamp": 1721208149949,
        "type": 5
    },
    {
        "category": 1,
        "module": "/mnt/lustre/a2fs-work3/work/m23oc/m23oc/s2484724/miniconda3/envs/gmy-tool/lib/python3.8/site-packages/numpy/random/bit_generator.cpython-38-x86_64-linux-gnu.so",
        "phase": 3,
        "source": 2,
        "timestamp": 1721208157624,
        "type": 5
    },
    {
        "category": 1,
        "module": "/mnt/lustre/a2fs-work3/work/m23oc/m23oc/s2484724/miniconda3/envs/gmy-tool/lib/libvtkCommonCore-9.1.so.9.1.0",
        "phase": 3,
        "source": 2,
        "timestamp": 1721208158173,
        "type": 5
    },
    {
        "category": 1,
        "content": 2556520,
        "source": 2,
        "timestamp": 1721208158203,
        "type": 3
    },
    {
        "category": 1,
        "module": "/mnt/lustre/a2fs-work3/work/m23oc/m23oc/s2484724/miniconda3/envs/gmy-tool/lib/libvtksys-9.1.so.9.1.0",
        "phase": 3,
        "source": 2,
        "timestamp": 1721208158330,
        "type": 5
    },
    {
        "category": 1,
        "module": "/mnt/lustre/a2fs-work3/work/m23oc/m23oc/s2484724/miniconda3/envs/gmy-tool/lib/libsqlite3.so.0.8.6",
        "phase": 3,
        "source": 2,
        "timestamp": 1721208160533,
        "type": 5
    },
    {
        "category": 1,
        "content": 5112880,
        "source": 2,
        "timestamp": 1721208164540,
        "type": 3
    },
    {
        "category": 1,
        "content": 7668664,
        "source": 2,
        "timestamp": 1721208164555,
        "type": 3
    },
    {
        "category": 1,
        "module": "/mnt/lustre/a2fs-work3/work/m23oc/m23oc/s2484724/miniconda3/envs/gmy-tool/lib/libvtkCommonDataModel-9.1.so.9.1.0",
        "phase": 3,
        "source": 2,
        "timestamp": 1721208164636,
        "type": 5
    },
    {
        "category": 1,
        "module": "/mnt/lustre/a2fs-work3/work/m23oc/m23oc/s2484724/miniconda3/envs/gmy-tool/lib/python3.8/lib-dynload/math.cpython-38-x86_64-linux-gnu.so",
        "phase": 3,
        "source": 2,
        "timestamp": 1721208164684,
        "type": 5
    },
    {
        "category": 1,
        "module": "/mnt/lustre/a2fs-work3/work/m23oc/m23oc/s2484724/miniconda3/envs/gmy-tool/lib/libitkgdcmcharls-5.2.so.1",
        "phase": 3,
        "source": 2,
        "timestamp": 1721208168540,
        "type": 5
    },
    {
        "category": 1,
        "module": "/mnt/lustre/a2fs-work3/work/m23oc/m23oc/s2484724/miniconda3/envs/gmy-tool/lib/libitkgdcmDICT-5.2.so.1",
        "phase": 3,
        "source": 2,
        "timestamp": 1721208168541,
        "type": 5
    },
    {
        "category": 1,
        "module": "/mnt/lustre/a2fs-work3/work/m23oc/m23oc/s2484724/miniconda3/envs/gmy-tool/lib/libITKIOJPEG2000-5.2.so.1",
        "phase": 3,
        "source": 2,
        "timestamp": 1721208168542,
        "type": 5
    },
    {
        "category": 1,
        "content": 10225224,
        "source": 2,
        "timestamp": 1721208168983,
        "type": 3
    },
    {
        "category": 1,
        "module": "/mnt/lustre/a2fs-work3/work/m23oc/m23oc/s2484724/miniconda3/envs/gmy-tool/lib/libvtkCommonTransforms-9.1.so.9.1.0",
        "phase": 3,
        "source": 2,
        "timestamp": 1721208168997,
        "type": 5
    },
    {
        "category": 1,
        "module": "/mnt/lustre/a2fs-work3/work/m23oc/m23oc/s2484724/miniconda3/envs/gmy-tool/lib/python3.8/site-packages/HlbGmyTool/Model/Generation.cpython-38-x86_64-linux-gnu.so",
        "phase": 3,
        "source": 2,
        "timestamp": 1721208169246,
        "type": 5
    },
    {
        "category": 1,
        "module": "/mnt/lustre/a2fs-work3/work/m23oc/m23oc/s2484724/miniconda3/envs/gmy-tool/lib/libquadmath.so.0.0.0",
        "phase": 3,
        "source": 2,
        "timestamp": 1721208169337,
        "type": 5
    },
    {
        "category": 1,
        "module": "/lib64/libpthread-2.31.so",
        "phase": 3,
        "source": 2,
        "timestamp": 1721208169345,
        "type": 5
    },
    {
        "category": 1,
        "module": "/mnt/lustre/a2fs-work3/work/m23oc/m23oc/s2484724/miniconda3/envs/gmy-tool/lib/libz.so.1.2.13",
        "phase": 3,
        "source": 2,
        "timestamp": 1721208169361,
        "type": 5
    },
    {
        "category": 1,
        "content": 12781192,
        "source": 2,
        "timestamp": 1721208169407,
        "type": 3
    },
    {
        "category": 1,
        "content": 15336976,
        "source": 2,
        "timestamp": 1721208169462,
        "type": 3
    },
    {
        "category": 1,
        "content": 17893376,
        "source": 2,
        "timestamp": 1721208169513,
        "type": 3
    },
    {
        "category": 1,
        "content": 20449776,
        "source": 2,
        "timestamp": 1721208169558,
        "type": 3
    },
    {
        "category": 1,
        "content": 23005560,
        "source": 2,
        "timestamp": 1721208169604,
        "type": 3
    },
    {
        "category": 1,
        "content": 25562024,
        "source": 2,
        "timestamp": 1721208169651,
        "type": 3
    },
    {
        "category": 1,
        "content": 28117808,
        "source": 2,
        "timestamp": 1721208169696,
        "type": 3
    },
    {
        "category": 1,
        "content": 30674264,
        "source": 2,
        "timestamp": 1721208169744,
        "type": 3
    },
    {
        "category": 1,
        "content": 33230048,
        "source": 2,
        "timestamp": 1721208169788,
        "type": 3
    },
    {
        "category": 1,
        "content": 35786448,
        "source": 2,
        "timestamp": 1721208169835,
        "type": 3
    },
    {
        "category": 1,
        "content": 38342880,
        "source": 2,
        "timestamp": 1721208169882,
        "type": 3
    },
    {
        "category": 1,
        "content": 40898664,
        "source": 2,
        "timestamp": 1721208169933,
        "type": 3
    },
    {
        "category": 1,
        "content": 43455112,
        "source": 2,
        "timestamp": 1721208170029,
        "type": 3
    },
    {
        "category": 1,
        "content": 46011008,
        "source": 2,
        "timestamp": 1721208170078,
        "type": 3
    },
    {
        "category": 1,
        "content": 48567496,
        "source": 2,
        "timestamp": 1721208170126,
        "type": 3
    },
    {
        "category": 1,
        "content": 51123336,
        "source": 2,
        "timestamp": 1721208170174,
        "type": 3
    },
    {
        "category": 1,
        "content": 53679800,
        "source": 2,
        "timestamp": 1721208170221,
        "type": 3
    },
    {
        "category": 1,
        "content": 56235584,
        "source": 2,
        "timestamp": 1721208170267,
        "type": 3
    },
    {
        "category": 1,
        "content": 58792032,
        "source": 2,
        "timestamp": 1721208170314,
        "type": 3
    },
    {
        "category": 1,
        "content": 61347936,
        "source": 2,
        "timestamp": 1721208170366,
        "type": 3
    },
    {
        "category": 1,
        "content": 63903848,
        "source": 2,
        "timestamp": 1721208170413,
        "type": 3
    },
    {
        "category": 1,
        "content": 66460248,
        "source": 2,
        "timestamp": 1721208170503,
        "type": 3
    },
    {
        "category": 1,
        "content": 69016344,
        "source": 2,
        "timestamp": 1721208170567,
        "type": 3
    },
    {
        "category": 1,
        "content": 71572304,
        "source": 2,
        "timestamp": 1721208170618,
        "type": 3
    },
    {
        "category": 1,
        "content": 74128896,
        "source": 2,
        "timestamp": 1721208170669,
        "type": 3
    },
    {
        "category": 1,
        "content": 76684680,
        "source": 2,
        "timestamp": 1721208170716,
        "type": 3
    },
    {
        "category": 1,
        "content": 79241200,
        "source": 2,
        "timestamp": 1721208170762,
        "type": 3
    },
    {
        "category": 1,
        "content": 81797064,
        "source": 2,
        "timestamp": 1721208170808,
        "type": 3
    },
    {
        "category": 1,
        "content": 84353528,
        "source": 2,
        "timestamp": 1721208170855,
        "type": 3
    },
    {
        "category": 1,
        "content": 86909408,
        "source": 2,
        "timestamp": 1721208170901,
        "type": 3
    },
    {
        "category": 1,
        "content": 89465808,
        "source": 2,
        "timestamp": 1721208170994,
        "type": 3
    },
    {
        "category": 1,
        "content": 92021592,
        "source": 2,
        "timestamp": 1721208171046,
        "type": 3
    },
    {
        "category": 1,
        "content": 94578056,
        "source": 2,
        "timestamp": 1721208171095,
        "type": 3
    },
    {
        "category": 1,
        "content": 97134040,
        "source": 2,
        "timestamp": 1721208171144,
        "type": 3
    },
    {
        "category": 1,
        "content": 99690480,
        "source": 2,
        "timestamp": 1721208171190,
        "type": 3
    },
    {
        "category": 1,
        "content": 102246360,
        "source": 2,
        "timestamp": 1721208171236,
        "type": 3
    },
    {
        "category": 1,
        "content": 104802864,
        "source": 2,
        "timestamp": 1721208171285,
        "type": 3
    },
    {
        "category": 1,
        "content": 107358712,
        "source": 2,
        "timestamp": 1721208171332,
        "type": 3
    },
    {
        "category": 1,
        "content": 109914624,
        "source": 2,
        "timestamp": 1721208171801,
        "type": 3
    },
    {
        "category": 1,
        "content": 112471088,
        "source": 2,
        "timestamp": 1721208171897,
        "type": 3
    },
    {
        "category": 1,
        "content": 115027008,
        "source": 2,
        "timestamp": 1721208172033,
        "type": 3
    },
    {
        "category": 1,
        "content": 117583520,
        "source": 2,
        "timestamp": 1721208172291,
        "type": 3
    },
    {
        "category": 1,
        "content": 120139432,
        "source": 2,
        "timestamp": 1721208172348,
        "type": 3
    },
    {
        "category": 1,
        "content": 122695400,
        "source": 2,
        "timestamp": 1721208172402,
        "type": 3
    },
    {
        "category": 1,
        "content": 125251920,
        "source": 2,
        "timestamp": 1721208172456,
        "type": 3
    },
    {
        "category": 1,
        "content": 127807768,
        "source": 2,
        "timestamp": 1721208172519,
        "type": 3
    },
    {
        "category": 1,
        "content": 130364168,
        "source": 2,
        "timestamp": 1721208172574,
        "type": 3
    },
    {
        "category": 1,
        "content": 132920008,
        "source": 2,
        "timestamp": 1721208172623,
        "type": 3
    },
    {
        "category": 1,
        "content": 135476408,
        "source": 2,
        "timestamp": 1721208172670,
        "type": 3
    },
    {
        "category": 1,
        "content": 138032808,
        "source": 2,
        "timestamp": 1721208172717,
        "type": 3
    },
    {
        "category": 1,
        "content": 140588592,
        "source": 2,
        "timestamp": 1721208172763,
        "type": 3
    },
    {
        "category": 1,
        "content": 143144992,
        "source": 2,
        "timestamp": 1721208172809,
        "type": 3
    },
    {
        "category": 1,
        "content": 145700912,
        "source": 2,
        "timestamp": 1721208172913,
        "type": 3
    },
    {
        "category": 1,
        "content": 148257312,
        "source": 2,
        "timestamp": 1721208172963,
        "type": 3
    },
    {
        "category": 1,
        "content": 150813288,
        "source": 2,
        "timestamp": 1721208173014,
        "type": 3
    },
    {
        "category": 1,
        "content": 153369200,
        "source": 2,
        "timestamp": 1721208173065,
        "type": 3
    },
    {
        "category": 1,
        "content": 155925600,
        "source": 2,
        "timestamp": 1721208173125,
        "type": 3
    },
    {
        "category": 1,
        "content": 158481632,
        "source": 2,
        "timestamp": 1721208173172,
        "type": 3
    },
    {
        "category": 1,
        "content": 161037648,
        "source": 2,
        "timestamp": 1721208173219,
        "type": 3
    },
    {
        "category": 1,
        "content": 163594176,
        "source": 2,
        "timestamp": 1721208173266,
        "type": 3
    },
    {
        "category": 1,
        "content": 166150208,
        "source": 2,
        "timestamp": 1721208173351,
        "type": 3
    },
    {
        "category": 1,
        "content": 168706208,
        "source": 2,
        "timestamp": 1721208173402,
        "type": 3
    },
    {
        "category": 1,
        "content": 171262288,
        "source": 2,
        "timestamp": 1721208173451,
        "type": 3
    },
    {
        "category": 1,
        "content": 173818752,
        "source": 2,
        "timestamp": 1721208173501,
        "type": 3
    },
    {
        "category": 1,
        "content": 176374648,
        "source": 2,
        "timestamp": 1721208173549,
        "type": 3
    },
    {
        "category": 1,
        "content": 178931080,
        "source": 2,
        "timestamp": 1721208173596,
        "type": 3
    },
    {
        "category": 1,
        "content": 181487048,
        "source": 2,
        "timestamp": 1721208173642,
        "type": 3
    },
    {
        "category": 1,
        "content": 184043008,
        "source": 2,
        "timestamp": 1721208173688,
        "type": 3
    },
    {
        "category": 1,
        "content": 186599552,
        "source": 2,
        "timestamp": 1721208173736,
        "type": 3
    },
    {
        "category": 1,
        "content": 189155392,
        "source": 2,
        "timestamp": 1721208173782,
        "type": 3
    },
    {
        "category": 1,
        "content": 191711968,
        "source": 2,
        "timestamp": 1721208173877,
        "type": 3
    },
    {
        "category": 1,
        "content": 194267816,
        "source": 2,
        "timestamp": 1721208173927,
        "type": 3
    },
    {
        "category": 1,
        "content": 196824312,
        "source": 2,
        "timestamp": 1721208173976,
        "type": 3
    },
    {
        "category": 1,
        "content": 199380096,
        "source": 2,
        "timestamp": 1721208174027,
        "type": 3
    },
    {
        "category": 1,
        "content": 201936496,
        "source": 2,
        "timestamp": 1721208174076,
        "type": 3
    },
    {
        "category": 1,
        "content": 204492352,
        "source": 2,
        "timestamp": 1721208174123,
        "type": 3
    },
    {
        "category": 1,
        "content": 207048752,
        "source": 2,
        "timestamp": 1721208174170,
        "type": 3
    },
    {
        "category": 1,
        "content": 209604536,
        "source": 2,
        "timestamp": 1721208174217,
        "type": 3
    },
    {
        "category": 1,
        "content": 212160936,
        "source": 2,
        "timestamp": 1721208174263,
        "type": 3
    },
    {
        "category": 1,
        "content": 214717336,
        "source": 2,
        "timestamp": 1721208174308,
        "type": 3
    },
    {
        "category": 1,
        "content": 217273120,
        "source": 2,
        "timestamp": 1721208174409,
        "type": 3
    },
    {
        "category": 1,
        "content": 219829568,
        "source": 2,
        "timestamp": 1721208174459,
        "type": 3
    },
    {
        "category": 1,
        "content": 222385352,
        "source": 2,
        "timestamp": 1721208174510,
        "type": 3
    },
    {
        "category": 1,
        "content": 224941752,
        "source": 2,
        "timestamp": 1721208174562,
        "type": 3
    },
    {
        "category": 1,
        "content": 227498152,
        "source": 2,
        "timestamp": 1721208174612,
        "type": 3
    },
    {
        "category": 1,
        "content": 230054032,
        "source": 2,
        "timestamp": 1721208174661,
        "type": 3
    },
    {
        "category": 1,
        "content": 232610432,
        "source": 2,
        "timestamp": 1721208174715,
        "type": 3
    },
    {
        "category": 1,
        "content": 235166216,
        "source": 2,
        "timestamp": 1721208174771,
        "type": 3
    },
    {
        "category": 1,
        "content": 237722616,
        "source": 2,
        "timestamp": 1721208174827,
        "type": 3
    },
    {
        "category": 1,
        "content": 240278400,
        "source": 2,
        "timestamp": 1721208174877,
        "type": 3
    },
    {
        "category": 1,
        "module": "/mnt/lustre/a2fs-work3/work/m23oc/m23oc/s2484724/miniconda3/envs/gmy-tool/lib/libhdf5.so.200.2.0",
        "phase": 3,
        "source": 2,
        "timestamp": 1721208175635,
        "type": 5
    },
    {
        "category": 1,
        "module": "/mnt/lustre/a2fs-work3/work/m23oc/m23oc/s2484724/miniconda3/envs/gmy-tool/lib/libITKCommon-5.2.so.1",
        "phase": 3,
        "source": 2,
        "timestamp": 1721208175951,
        "type": 5
    },
    {
        "category": 1,
        "module": "/mnt/lustre/a2fs-work3/work/m23oc/m23oc/s2484724/miniconda3/envs/gmy-tool/lib/python3.8/site-packages/numpy/core/_multiarray_umath.cpython-38-x86_64-linux-gnu.so",
        "phase": 3,
        "source": 2,
        "timestamp": 1721208176297,
        "type": 5
    }
]
[
    {
        "category": 1,
        "module": "/lib64/ld-2.31.so",
        "phase": 3,
        "source": 2,
        "timestamp": 1721208132312,
        "type": 5
    },
    {
        "category": 1,
        "module": "/lib64/libc-2.31.so",
        "phase": 3,
        "source": 2,
        "timestamp": 1721208132320,
        "type": 5
    },
    {
        "category": 1,
        "module": "/mnt/lustre/a2fs-work3/work/m23oc/m23oc/s2484724/miniconda3/envs/gmy-tool/lib/libstdc++.so.6.0.33",
        "phase": 3,
        "source": 2,
        "timestamp": 1721208133362,
        "type": 5
    },
    {
        "category": 1,
        "module": "/mnt/lustre/a2fs-work3/work/m23oc/m23oc/s2484724/miniconda3/envs/gmy-tool/lib/python3.8/site-packages/vtkmodules/vtkInteractionWidgets.cpython-38-x86_64-linux-gnu.so",
        "phase": 3,
        "source": 2,
        "timestamp": 1721208144935,
        "type": 5
    },
    {
        "category": 1,
        "module": "/mnt/lustre/a2fs-work3/work/m23oc/m23oc/s2484724/miniconda3/envs/gmy-tool/lib/python3.8/site-packages/vtkmodules/vtkIOMINC.cpython-38-x86_64-linux-gnu.so",
        "phase": 3,
        "source": 2,
        "timestamp": 1721208149949,
        "type": 5
    },
    {
        "category": 1,
        "module": "/mnt/lustre/a2fs-work3/work/m23oc/m23oc/s2484724/miniconda3/envs/gmy-tool/lib/python3.8/site-packages/numpy/random/bit_generator.cpython-38-x86_64-linux-gnu.so",
        "phase": 3,
        "source": 2,
        "timestamp": 1721208157624,
        "type": 5
    },
    {
        "category": 1,
        "module": "/mnt/lustre/a2fs-work3/work/m23oc/m23oc/s2484724/miniconda3/envs/gmy-tool/lib/libvtkCommonCore-9.1.so.9.1.0",
        "phase": 3,
        "source": 2,
        "timestamp": 1721208158173,
        "type": 5
    },
    {
        "category": 1,
        "content": 2556520,
        "source": 2,
        "timestamp": 1721208158203,
        "type": 3
    },
    {
        "category": 1,
        "module": "/mnt/lustre/a2fs-work3/work/m23oc/m23oc/s2484724/miniconda3/envs/gmy-tool/lib/libvtksys-9.1.so.9.1.0",
        "phase": 3,
        "source": 2,
        "timestamp": 1721208158330,
        "type": 5
    },
    {
        "category": 1,
        "module": "/mnt/lustre/a2fs-work3/work/m23oc/m23oc/s2484724/miniconda3/envs/gmy-tool/lib/libsqlite3.so.0.8.6",
        "phase": 3,
        "source": 2,
        "timestamp": 1721208160533,
        "type": 5
    },
    {
        "category": 1,
        "content": 5112880,
        "source": 2,
        "timestamp": 1721208164540,
        "type": 3
    },
    {
        "category": 1,
        "content": 7668664,
        "source": 2,
        "timestamp": 1721208164555,
        "type": 3
    },
    {
        "category": 1,
        "module": "/mnt/lustre/a2fs-work3/work/m23oc/m23oc/s2484724/miniconda3/envs/gmy-tool/lib/libvtkCommonDataModel-9.1.so.9.1.0",
        "phase": 3,
        "source": 2,
        "timestamp": 1721208164636,
        "type": 5
    },
    {
        "category": 1,
        "module": "/mnt/lustre/a2fs-work3/work/m23oc/m23oc/s2484724/miniconda3/envs/gmy-tool/lib/python3.8/lib-dynload/math.cpython-38-x86_64-linux-gnu.so",
        "phase": 3,
        "source": 2,
        "timestamp": 1721208164684,
        "type": 5
    },
    {
        "category": 1,
        "module": "/mnt/lustre/a2fs-work3/work/m23oc/m23oc/s2484724/miniconda3/envs/gmy-tool/lib/libitkgdcmcharls-5.2.so.1",
        "phase": 3,
        "source": 2,
        "timestamp": 1721208168540,
        "type": 5
    },
    {
        "category": 1,
        "module": "/mnt/lustre/a2fs-work3/work/m23oc/m23oc/s2484724/miniconda3/envs/gmy-tool/lib/libitkgdcmDICT-5.2.so.1",
        "phase": 3,
        "source": 2,
        "timestamp": 1721208168541,
        "type": 5
    },
    {
        "category": 1,
        "module": "/mnt/lustre/a2fs-work3/work/m23oc/m23oc/s2484724/miniconda3/envs/gmy-tool/lib/libITKIOJPEG2000-5.2.so.1",
        "phase": 3,
        "source": 2,
        "timestamp": 1721208168542,
        "type": 5
    },
    {
        "category": 1,
        "content": 10225224,
        "source": 2,
        "timestamp": 1721208168983,
        "type": 3
    },
    {
        "category": 1,
        "module": "/mnt/lustre/a2fs-work3/work/m23oc/m23oc/s2484724/miniconda3/envs/gmy-tool/lib/libvtkCommonTransforms-9.1.so.9.1.0",
        "phase": 3,
        "source": 2,
        "timestamp": 1721208168997,
        "type": 5
    },
    {
        "category": 1,
        "module": "/mnt/lustre/a2fs-work3/work/m23oc/m23oc/s2484724/miniconda3/envs/gmy-tool/lib/python3.8/site-packages/HlbGmyTool/Model/Generation.cpython-38-x86_64-linux-gnu.so",
        "phase": 3,
        "source": 2,
        "timestamp": 1721208169246,
        "type": 5
    },
    {
        "category": 1,
        "module": "/mnt/lustre/a2fs-work3/work/m23oc/m23oc/s2484724/miniconda3/envs/gmy-tool/lib/libquadmath.so.0.0.0",
        "phase": 3,
        "source": 2,
        "timestamp": 1721208169337,
        "type": 5
    },
    {
        "category": 1,
        "module": "/lib64/libpthread-2.31.so",
        "phase": 3,
        "source": 2,
        "timestamp": 1721208169345,
        "type": 5
    },
    {
        "category": 1,
        "module": "/mnt/lustre/a2fs-work3/work/m23oc/m23oc/s2484724/miniconda3/envs/gmy-tool/lib/libz.so.1.2.13",
        "phase": 3,
        "source": 2,
        "timestamp": 1721208169361,
        "type": 5
    },
    {
        "category": 1,
        "content": 12781192,
        "source": 2,
        "timestamp": 1721208169407,
        "type": 3
    },
    {
        "category": 1,
        "content": 15336976,
        "source": 2,
        "timestamp": 1721208169462,
        "type": 3
    },
    {
        "category": 1,
        "content": 17893376,
        "source": 2,
        "timestamp": 1721208169513,
        "type": 3
    },
    {
        "category": 1,
        "content": 20449776,
        "source": 2,
        "timestamp": 1721208169558,
        "type": 3
    },
    {
        "category": 1,
        "content": 23005560,
        "source": 2,
        "timestamp": 1721208169604,
        "type": 3
    },
    {
        "category": 1,
        "content": 25562024,
        "source": 2,
        "timestamp": 1721208169651,
        "type": 3
    },
    {
        "category": 1,
        "content": 28117808,
        "source": 2,
        "timestamp": 1721208169696,
        "type": 3
    },
    {
        "category": 1,
        "content": 30674264,
        "source": 2,
        "timestamp": 1721208169744,
        "type": 3
    },
    {
        "category": 1,
        "content": 33230048,
        "source": 2,
        "timestamp": 1721208169788,
        "type": 3
    },
    {
        "category": 1,
        "content": 35786448,
        "source": 2,
        "timestamp": 1721208169835,
        "type": 3
    },
    {
        "category": 1,
        "content": 38342880,
        "source": 2,
        "timestamp": 1721208169882,
        "type": 3
    },
    {
        "category": 1,
        "content": 40898664,
        "source": 2,
        "timestamp": 1721208169933,
        "type": 3
    },
    {
        "category": 1,
        "content": 43455112,
        "source": 2,
        "timestamp": 1721208170029,
        "type": 3
    },
    {
        "category": 1,
        "content": 46011008,
        "source": 2,
        "timestamp": 1721208170078,
        "type": 3
    },
    {
        "category": 1,
        "content": 48567496,
        "source": 2,
        "timestamp": 1721208170126,
        "type": 3
    },
    {
        "category": 1,
        "content": 51123336,
        "source": 2,
        "timestamp": 1721208170174,
        "type": 3
    },
    {
        "category": 1,
        "content": 53679800,
        "source": 2,
        "timestamp": 1721208170221,
        "type": 3
    },
    {
        "category": 1,
        "content": 56235584,
        "source": 2,
        "timestamp": 1721208170267,
        "type": 3
    },
    {
        "category": 1,
        "content": 58792032,
        "source": 2,
        "timestamp": 1721208170314,
        "type": 3
    },
    {
        "category": 1,
        "content": 61347936,
        "source": 2,
        "timestamp": 1721208170366,
        "type": 3
    },
    {
        "category": 1,
        "content": 63903848,
        "source": 2,
        "timestamp": 1721208170413,
        "type": 3
    },
    {
        "category": 1,
        "content": 66460248,
        "source": 2,
        "timestamp": 1721208170503,
        "type": 3
    },
    {
        "category": 1,
        "content": 69016344,
        "source": 2,
        "timestamp": 1721208170567,
        "type": 3
    },
    {
        "category": 1,
        "content": 71572304,
        "source": 2,
        "timestamp": 1721208170618,
        "type": 3
    },
    {
        "category": 1,
        "content": 74128896,
        "source": 2,
        "timestamp": 1721208170669,
        "type": 3
    },
    {
        "category": 1,
        "content": 76684680,
        "source": 2,
        "timestamp": 1721208170716,
        "type": 3
    },
    {
        "category": 1,
        "content": 79241200,
        "source": 2,
        "timestamp": 1721208170762,
        "type": 3
    },
    {
        "category": 1,
        "content": 81797064,
        "source": 2,
        "timestamp": 1721208170808,
        "type": 3
    },
    {
        "category": 1,
        "content": 84353528,
        "source": 2,
        "timestamp": 1721208170855,
        "type": 3
    },
    {
        "category": 1,
        "content": 86909408,
        "source": 2,
        "timestamp": 1721208170901,
        "type": 3
    },
    {
        "category": 1,
        "content": 89465808,
        "source": 2,
        "timestamp": 1721208170994,
        "type": 3
    },
    {
        "category": 1,
        "content": 92021592,
        "source": 2,
        "timestamp": 1721208171046,
        "type": 3
    },
    {
        "category": 1,
        "content": 94578056,
        "source": 2,
        "timestamp": 1721208171095,
        "type": 3
    },
    {
        "category": 1,
        "content": 97134040,
        "source": 2,
        "timestamp": 1721208171144,
        "type": 3
    },
    {
        "category": 1,
        "content": 99690480,
        "source": 2,
        "timestamp": 1721208171190,
        "type": 3
    },
    {
        "category": 1,
        "content": 102246360,
        "source": 2,
        "timestamp": 1721208171236,
        "type": 3
    },
    {
        "category": 1,
        "content": 104802864,
        "source": 2,
        "timestamp": 1721208171285,
        "type": 3
    },
    {
        "category": 1,
        "content": 107358712,
        "source": 2,
        "timestamp": 1721208171332,
        "type": 3
    },
    {
        "category": 1,
        "content": 109914624,
        "source": 2,
        "timestamp": 1721208171801,
        "type": 3
    },
    {
        "category": 1,
        "content": 112471088,
        "source": 2,
        "timestamp": 1721208171897,
        "type": 3
    },
    {
        "category": 1,
        "content": 115027008,
        "source": 2,
        "timestamp": 1721208172033,
        "type": 3
    },
    {
        "category": 1,
        "content": 117583520,
        "source": 2,
        "timestamp": 1721208172291,
        "type": 3
    },
    {
        "category": 1,
        "content": 120139432,
        "source": 2,
        "timestamp": 1721208172348,
        "type": 3
    },
    {
        "category": 1,
        "content": 122695400,
        "source": 2,
        "timestamp": 1721208172402,
        "type": 3
    },
    {
        "category": 1,
        "content": 125251920,
        "source": 2,
        "timestamp": 1721208172456,
        "type": 3
    },
    {
        "category": 1,
        "content": 127807768,
        "source": 2,
        "timestamp": 1721208172519,
        "type": 3
    },
    {
        "category": 1,
        "content": 130364168,
        "source": 2,
        "timestamp": 1721208172574,
        "type": 3
    },
    {
        "category": 1,
        "content": 132920008,
        "source": 2,
        "timestamp": 1721208172623,
        "type": 3
    },
    {
        "category": 1,
        "content": 135476408,
        "source": 2,
        "timestamp": 1721208172670,
        "type": 3
    },
    {
        "category": 1,
        "content": 138032808,
        "source": 2,
        "timestamp": 1721208172717,
        "type": 3
    },
    {
        "category": 1,
        "content": 140588592,
        "source": 2,
        "timestamp": 1721208172763,
        "type": 3
    },
    {
        "category": 1,
        "content": 143144992,
        "source": 2,
        "timestamp": 1721208172809,
        "type": 3
    },
    {
        "category": 1,
        "content": 145700912,
        "source": 2,
        "timestamp": 1721208172913,
        "type": 3
    },
    {
        "category": 1,
        "content": 148257312,
        "source": 2,
        "timestamp": 1721208172963,
        "type": 3
    },
    {
        "category": 1,
        "content": 150813288,
        "source": 2,
        "timestamp": 1721208173014,
        "type": 3
    },
    {
        "category": 1,
        "content": 153369200,
        "source": 2,
        "timestamp": 1721208173065,
        "type": 3
    },
    {
        "category": 1,
        "content": 155925600,
        "source": 2,
        "timestamp": 1721208173125,
        "type": 3
    },
    {
        "category": 1,
        "content": 158481632,
        "source": 2,
        "timestamp": 1721208173172,
        "type": 3
    },
    {
        "category": 1,
        "content": 161037648,
        "source": 2,
        "timestamp": 1721208173219,
        "type": 3
    },
    {
        "category": 1,
        "content": 163594176,
        "source": 2,
        "timestamp": 1721208173266,
        "type": 3
    },
    {
        "category": 1,
        "content": 166150208,
        "source": 2,
        "timestamp": 1721208173351,
        "type": 3
    },
    {
        "category": 1,
        "content": 168706208,
        "source": 2,
        "timestamp": 1721208173402,
        "type": 3
    },
    {
        "category": 1,
        "content": 171262288,
        "source": 2,
        "timestamp": 1721208173451,
        "type": 3
    },
    {
        "category": 1,
        "content": 173818752,
        "source": 2,
        "timestamp": 1721208173501,
        "type": 3
    },
    {
        "category": 1,
        "content": 176374648,
        "source": 2,
        "timestamp": 1721208173549,
        "type": 3
    },
    {
        "category": 1,
        "content": 178931080,
        "source": 2,
        "timestamp": 1721208173596,
        "type": 3
    },
    {
        "category": 1,
        "content": 181487048,
        "source": 2,
        "timestamp": 1721208173642,
        "type": 3
    },
    {
        "category": 1,
        "content": 184043008,
        "source": 2,
        "timestamp": 1721208173688,
        "type": 3
    },
    {
        "category": 1,
        "content": 186599552,
        "source": 2,
        "timestamp": 1721208173736,
        "type": 3
    },
    {
        "category": 1,
        "content": 189155392,
        "source": 2,
        "timestamp": 1721208173782,
        "type": 3
    },
    {
        "category": 1,
        "content": 191711968,
        "source": 2,
        "timestamp": 1721208173877,
        "type": 3
    },
    {
        "category": 1,
        "content": 194267816,
        "source": 2,
        "timestamp": 1721208173927,
        "type": 3
    },
    {
        "category": 1,
        "content": 196824312,
        "source": 2,
        "timestamp": 1721208173976,
        "type": 3
    },
    {
        "category": 1,
        "content": 199380096,
        "source": 2,
        "timestamp": 1721208174027,
        "type": 3
    },
    {
        "category": 1,
        "content": 201936496,
        "source": 2,
        "timestamp": 1721208174076,
        "type": 3
    },
    {
        "category": 1,
        "content": 204492352,
        "source": 2,
        "timestamp": 1721208174123,
        "type": 3
    },
    {
        "category": 1,
        "content": 207048752,
        "source": 2,
        "timestamp": 1721208174170,
        "type": 3
    },
    {
        "category": 1,
        "content": 209604536,
        "source": 2,
        "timestamp": 1721208174217,
        "type": 3
    },
    {
        "category": 1,
        "content": 212160936,
        "source": 2,
        "timestamp": 1721208174263,
        "type": 3
    },
    {
        "category": 1,
        "content": 214717336,
        "source": 2,
        "timestamp": 1721208174308,
        "type": 3
    },
    {
        "category": 1,
        "content": 217273120,
        "source": 2,
        "timestamp": 1721208174409,
        "type": 3
    },
    {
        "category": 1,
        "content": 219829568,
        "source": 2,
        "timestamp": 1721208174459,
        "type": 3
    },
    {
        "category": 1,
        "content": 222385352,
        "source": 2,
        "timestamp": 1721208174510,
        "type": 3
    },
    {
        "category": 1,
        "content": 224941752,
        "source": 2,
        "timestamp": 1721208174562,
        "type": 3
    },
    {
        "category": 1,
        "content": 227498152,
        "source": 2,
        "timestamp": 1721208174612,
        "type": 3
    },
    {
        "category": 1,
        "content": 230054032,
        "source": 2,
        "timestamp": 1721208174661,
        "type": 3
    },
    {
        "category": 1,
        "content": 232610432,
        "source": 2,
        "timestamp": 1721208174715,
        "type": 3
    },
    {
        "category": 1,
        "content": 235166216,
        "source": 2,
        "timestamp": 1721208174771,
        "type": 3
    },
    {
        "category": 1,
        "content": 237722616,
        "source": 2,
        "timestamp": 1721208174827,
        "type": 3
    },
    {
        "category": 1,
        "content": 240278400,
        "source": 2,
        "timestamp": 1721208174877,
        "type": 3
    },
    {
        "category": 1,
        "module": "/mnt/lustre/a2fs-work3/work/m23oc/m23oc/s2484724/miniconda3/envs/gmy-tool/lib/libhdf5.so.200.2.0",
        "phase": 3,
        "source": 2,
        "timestamp": 1721208175635,
        "type": 5
    },
    {
        "category": 1,
        "module": "/mnt/lustre/a2fs-work3/work/m23oc/m23oc/s2484724/miniconda3/envs/gmy-tool/lib/libITKCommon-5.2.so.1",
        "phase": 3,
        "source": 2,
        "timestamp": 1721208175951,
        "type": 5
    },
    {
        "category": 1,
        "module": "/mnt/lustre/a2fs-work3/work/m23oc/m23oc/s2484724/miniconda3/envs/gmy-tool/lib/python3.8/site-packages/numpy/core/_multiarray_umath.cpython-38-x86_64-linux-gnu.so",
        "phase": 3,
        "source": 2,
        "timestamp": 1721208176297,
        "type": 5
    }
]
