[
    {
        "category": 1,
        "module": "/lib64/libc-2.31.so",
        "phase": 3,
        "source": 2,
        "timestamp": 1721480148909,
        "type": 5
    },
    {
        "category": 1,
        "module": "/mnt/lustre/a2fs-work3/work/m23oc/m23oc/s2484724/miniconda3/envs/gmy-tool/lib/libstdc++.so.6.0.33",
        "phase": 3,
        "source": 2,
        "timestamp": 1721480151086,
        "type": 5
    },
    {
        "category": 1,
        "module": "/mnt/lustre/a2fs-work3/work/m23oc/m23oc/s2484724/miniconda3/envs/gmy-tool/lib/python3.8/site-packages/vtkmodules/vtkCommonExecutionModel.cpython-38-x86_64-linux-gnu.so",
        "phase": 3,
        "source": 2,
        "timestamp": 1721480151476,
        "type": 5
    },
    {
        "category": 1,
        "module": "/mnt/lustre/a2fs-work3/work/m23oc/m23oc/s2484724/miniconda3/envs/gmy-tool/lib/libvtkCommonCore-9.1.so.9.1.0",
        "phase": 3,
        "source": 2,
        "timestamp": 1721480170868,
        "type": 5
    },
    {
        "category": 1,
        "content": 4378296,
        "source": 2,
        "timestamp": 1721480171656,
        "type": 3
    },
    {
        "category": 1,
        "module": "/mnt/lustre/a2fs-work3/work/m23oc/m23oc/s2484724/miniconda3/envs/gmy-tool/lib/libvtkFiltersParallelDIY2-9.1.so.9.1.0",
        "phase": 3,
        "source": 2,
        "timestamp": 1721480172823,
        "type": 5
    },
    {
        "category": 1,
        "module": "/mnt/lustre/a2fs-work3/work/m23oc/m23oc/s2484724/miniconda3/envs/gmy-tool/lib/python3.8/site-packages/numpy/random/_generator.cpython-38-x86_64-linux-gnu.so",
        "phase": 3,
        "source": 2,
        "timestamp": 1721480174960,
        "type": 5
    },
    {
        "category": 1,
        "content": 8756520,
        "source": 2,
        "timestamp": 1721480175092,
        "type": 3
    },
    {
        "category": 1,
        "module": "/mnt/lustre/a2fs-work3/work/m23oc/m23oc/s2484724/miniconda3/envs/gmy-tool/lib/libvtkIOGeometry-9.1.so.9.1.0",
        "phase": 3,
        "source": 2,
        "timestamp": 1721480175099,
        "type": 5
    },
    {
        "category": 1,
        "module": "/mnt/lustre/a2fs-work3/work/m23oc/m23oc/s2484724/miniconda3/envs/gmy-tool/lib/libvtkCommonDataModel-9.1.so.9.1.0",
        "phase": 3,
        "source": 2,
        "timestamp": 1721480175184,
        "type": 5
    },
    {
        "category": 1,
        "module": "/mnt/lustre/a2fs-work3/work/m23oc/m23oc/s2484724/miniconda3/envs/gmy-tool/lib/python3.8/lib-dynload/math.cpython-38-x86_64-linux-gnu.so",
        "phase": 3,
        "source": 2,
        "timestamp": 1721480175252,
        "type": 5
    },
    {
        "category": 1,
        "module": "/mnt/lustre/a2fs-work3/work/m23oc/m23oc/s2484724/miniconda3/envs/gmy-tool/lib/libitkgdcmcharls-5.2.so.1",
        "phase": 3,
        "source": 2,
        "timestamp": 1721480179571,
        "type": 5
    },
    {
        "category": 1,
        "module": "/mnt/lustre/a2fs-work3/work/m23oc/m23oc/s2484724/miniconda3/envs/gmy-tool/lib/libhdf5_cpp.so.200.2.0",
        "phase": 3,
        "source": 2,
        "timestamp": 1721480179583,
        "type": 5
    },
    {
        "category": 1,
        "module": "/mnt/lustre/a2fs-work3/work/m23oc/m23oc/s2484724/miniconda3/envs/gmy-tool/lib/libvtkCommonExecutionModel-9.1.so.9.1.0",
        "phase": 3,
        "source": 2,
        "timestamp": 1721480180041,
        "type": 5
    },
    {
        "category": 1,
        "module": "/lib64/libm-2.31.so",
        "phase": 3,
        "source": 2,
        "timestamp": 1721480180083,
        "type": 5
    },
    {
        "category": 1,
        "module": "/mnt/lustre/a2fs-work3/work/m23oc/m23oc/s2484724/miniconda3/envs/gmy-tool/lib/libvtkCommonTransforms-9.1.so.9.1.0",
        "phase": 3,
        "source": 2,
        "timestamp": 1721480180116,
        "type": 5
    },
    {
        "category": 1,
        "module": "/mnt/lustre/a2fs-work3/work/m23oc/m23oc/s2484724/miniconda3/envs/gmy-tool/lib/python3.8/site-packages/HlbGmyTool/Model/Generation.cpython-38-x86_64-linux-gnu.so",
        "phase": 3,
        "source": 2,
        "timestamp": 1721480180147,
        "type": 5
    },
    {
        "category": 1,
        "module": "/mnt/lustre/a2fs-work3/work/m23oc/m23oc/s2484724/miniconda3/envs/gmy-tool/lib/libquadmath.so.0.0.0",
        "phase": 3,
        "source": 2,
        "timestamp": 1721480180210,
        "type": 5
    },
    {
        "category": 1,
        "module": "/mnt/lustre/a2fs-work3/work/m23oc/m23oc/s2484724/miniconda3/envs/gmy-tool/lib/libz.so.1.2.13",
        "phase": 3,
        "source": 2,
        "timestamp": 1721480180227,
        "type": 5
    },
    {
        "category": 1,
        "module": "/lib64/libpthread-2.31.so",
        "phase": 3,
        "source": 2,
        "timestamp": 1721480180233,
        "type": 5
    },
    {
        "category": 1,
        "content": 13133976,
        "source": 2,
        "timestamp": 1721480180253,
        "type": 3
    },
    {
        "category": 1,
        "content": 17512072,
        "source": 2,
        "timestamp": 1721480180334,
        "type": 3
    },
    {
        "category": 1,
        "content": 21889984,
        "source": 2,
        "timestamp": 1721480180411,
        "type": 3
    },
    {
        "category": 1,
        "content": 26268512,
        "source": 2,
        "timestamp": 1721480180491,
        "type": 3
    },
    {
        "category": 1,
        "content": 30646424,
        "source": 2,
        "timestamp": 1721480180611,
        "type": 3
    },
    {
        "category": 1,
        "content": 35024336,
        "source": 2,
        "timestamp": 1721480180692,
        "type": 3
    },
    {
        "category": 1,
        "content": 39402248,
        "source": 2,
        "timestamp": 1721480180776,
        "type": 3
    },
    {
        "category": 1,
        "content": 43780160,
        "source": 2,
        "timestamp": 1721480180857,
        "type": 3
    },
    {
        "category": 1,
        "content": 48158072,
        "source": 2,
        "timestamp": 1721480180937,
        "type": 3
    },
    {
        "category": 1,
        "content": 52535984,
        "source": 2,
        "timestamp": 1721480181018,
        "type": 3
    },
    {
        "category": 1,
        "content": 56913896,
        "source": 2,
        "timestamp": 1721480181105,
        "type": 3
    },
    {
        "category": 1,
        "content": 61291808,
        "source": 2,
        "timestamp": 1721480181292,
        "type": 3
    },
    {
        "category": 1,
        "content": 65670336,
        "source": 2,
        "timestamp": 1721480181384,
        "type": 3
    },
    {
        "category": 1,
        "content": 70048248,
        "source": 2,
        "timestamp": 1721480181485,
        "type": 3
    },
    {
        "category": 1,
        "content": 74426160,
        "source": 2,
        "timestamp": 1721480181585,
        "type": 3
    },
    {
        "category": 1,
        "content": 78804072,
        "source": 2,
        "timestamp": 1721480181668,
        "type": 3
    },
    {
        "category": 1,
        "content": 83181984,
        "source": 2,
        "timestamp": 1721480181749,
        "type": 3
    },
    {
        "category": 1,
        "content": 87559896,
        "source": 2,
        "timestamp": 1721480181917,
        "type": 3
    },
    {
        "category": 1,
        "content": 91937808,
        "source": 2,
        "timestamp": 1721480182007,
        "type": 3
    },
    {
        "category": 1,
        "content": 96315720,
        "source": 2,
        "timestamp": 1721480182092,
        "type": 3
    },
    {
        "category": 1,
        "content": 100693632,
        "source": 2,
        "timestamp": 1721480182174,
        "type": 3
    },
    {
        "category": 1,
        "content": 105072160,
        "source": 2,
        "timestamp": 1721480182254,
        "type": 3
    },
    {
        "category": 1,
        "content": 109450072,
        "source": 2,
        "timestamp": 1721480182406,
        "type": 3
    },
    {
        "category": 1,
        "content": 113827984,
        "source": 2,
        "timestamp": 1721480182495,
        "type": 3
    },
    {
        "category": 1,
        "content": 118205896,
        "source": 2,
        "timestamp": 1721480182578,
        "type": 3
    },
    {
        "category": 1,
        "content": 122583808,
        "source": 2,
        "timestamp": 1721480182662,
        "type": 3
    },
    {
        "category": 1,
        "content": 126961720,
        "source": 2,
        "timestamp": 1721480182762,
        "type": 3
    },
    {
        "category": 1,
        "content": 131339632,
        "source": 2,
        "timestamp": 1721480182919,
        "type": 3
    },
    {
        "category": 1,
        "content": 135717544,
        "source": 2,
        "timestamp": 1721480183015,
        "type": 3
    },
    {
        "category": 1,
        "content": 140096072,
        "source": 2,
        "timestamp": 1721480183104,
        "type": 3
    },
    {
        "category": 1,
        "content": 144473984,
        "source": 2,
        "timestamp": 1721480183190,
        "type": 3
    },
    {
        "category": 1,
        "content": 148851896,
        "source": 2,
        "timestamp": 1721480183273,
        "type": 3
    },
    {
        "category": 1,
        "content": 153229808,
        "source": 2,
        "timestamp": 1721480183355,
        "type": 3
    },
    {
        "category": 1,
        "content": 157607720,
        "source": 2,
        "timestamp": 1721480183438,
        "type": 3
    },
    {
        "category": 1,
        "content": 161985632,
        "source": 2,
        "timestamp": 1721480183633,
        "type": 3
    },
    {
        "category": 1,
        "content": 166363544,
        "source": 2,
        "timestamp": 1721480183722,
        "type": 3
    },
    {
        "category": 1,
        "content": 170741456,
        "source": 2,
        "timestamp": 1721480183811,
        "type": 3
    },
    {
        "category": 1,
        "content": 175119368,
        "source": 2,
        "timestamp": 1721480183896,
        "type": 3
    },
    {
        "category": 1,
        "content": 179497896,
        "source": 2,
        "timestamp": 1721480183979,
        "type": 3
    },
    {
        "category": 1,
        "content": 183875808,
        "source": 2,
        "timestamp": 1721480184063,
        "type": 3
    },
    {
        "category": 1,
        "content": 188253720,
        "source": 2,
        "timestamp": 1721480184146,
        "type": 3
    },
    {
        "category": 1,
        "content": 192631632,
        "source": 2,
        "timestamp": 1721480184336,
        "type": 3
    },
    {
        "category": 1,
        "content": 197009544,
        "source": 2,
        "timestamp": 1721480184426,
        "type": 3
    },
    {
        "category": 1,
        "content": 201387456,
        "source": 2,
        "timestamp": 1721480184517,
        "type": 3
    },
    {
        "category": 1,
        "content": 205765368,
        "source": 2,
        "timestamp": 1721480184604,
        "type": 3
    },
    {
        "category": 1,
        "content": 210143280,
        "source": 2,
        "timestamp": 1721480184689,
        "type": 3
    },
    {
        "category": 1,
        "content": 214521192,
        "source": 2,
        "timestamp": 1721480184771,
        "type": 3
    },
    {
        "category": 1,
        "content": 218899720,
        "source": 2,
        "timestamp": 1721480184958,
        "type": 3
    },
    {
        "category": 1,
        "content": 223277632,
        "source": 2,
        "timestamp": 1721480185048,
        "type": 3
    },
    {
        "category": 1,
        "content": 227655544,
        "source": 2,
        "timestamp": 1721480185139,
        "type": 3
    },
    {
        "category": 1,
        "content": 232033456,
        "source": 2,
        "timestamp": 1721480185228,
        "type": 3
    },
    {
        "category": 1,
        "content": 236411368,
        "source": 2,
        "timestamp": 1721480185312,
        "type": 3
    },
    {
        "category": 1,
        "content": 240789280,
        "source": 2,
        "timestamp": 1721480185395,
        "type": 3
    },
    {
        "category": 1,
        "content": 245167192,
        "source": 2,
        "timestamp": 1721480185591,
        "type": 3
    },
    {
        "category": 1,
        "content": 249545104,
        "source": 2,
        "timestamp": 1721480185681,
        "type": 3
    },
    {
        "category": 1,
        "content": 253923632,
        "source": 2,
        "timestamp": 1721480185769,
        "type": 3
    },
    {
        "category": 1,
        "content": 258301544,
        "source": 2,
        "timestamp": 1721480185853,
        "type": 3
    },
    {
        "category": 1,
        "content": 262679456,
        "source": 2,
        "timestamp": 1721480186004,
        "type": 3
    },
    {
        "category": 1,
        "content": 267057368,
        "source": 2,
        "timestamp": 1721480186094,
        "type": 3
    },
    {
        "category": 1,
        "content": 271435280,
        "source": 2,
        "timestamp": 1721480186183,
        "type": 3
    },
    {
        "category": 1,
        "content": 275813192,
        "source": 2,
        "timestamp": 1721480186272,
        "type": 3
    },
    {
        "category": 1,
        "content": 280191104,
        "source": 2,
        "timestamp": 1721480186358,
        "type": 3
    },
    {
        "category": 1,
        "content": 284569016,
        "source": 2,
        "timestamp": 1721480186442,
        "type": 3
    },
    {
        "category": 1,
        "content": 288946928,
        "source": 2,
        "timestamp": 1721480186619,
        "type": 3
    },
    {
        "category": 1,
        "content": 293325456,
        "source": 2,
        "timestamp": 1721480186719,
        "type": 3
    },
    {
        "category": 1,
        "content": 297703368,
        "source": 2,
        "timestamp": 1721480186809,
        "type": 3
    },
    {
        "category": 1,
        "content": 302081280,
        "source": 2,
        "timestamp": 1721480186902,
        "type": 3
    },
    {
        "category": 1,
        "content": 306459192,
        "source": 2,
        "timestamp": 1721480187008,
        "type": 3
    },
    {
        "category": 1,
        "content": 310837104,
        "source": 2,
        "timestamp": 1721480187092,
        "type": 3
    },
    {
        "category": 1,
        "content": 315215016,
        "source": 2,
        "timestamp": 1721480187261,
        "type": 3
    },
    {
        "category": 1,
        "content": 319592928,
        "source": 2,
        "timestamp": 1721480187350,
        "type": 3
    },
    {
        "category": 1,
        "content": 323970840,
        "source": 2,
        "timestamp": 1721480187440,
        "type": 3
    },
    {
        "category": 1,
        "content": 328348752,
        "source": 2,
        "timestamp": 1721480187528,
        "type": 3
    },
    {
        "category": 1,
        "content": 332727280,
        "source": 2,
        "timestamp": 1721480187614,
        "type": 3
    },
    {
        "category": 1,
        "content": 337105192,
        "source": 2,
        "timestamp": 1721480187697,
        "type": 3
    },
    {
        "category": 1,
        "content": 341483104,
        "source": 2,
        "timestamp": 1721480187891,
        "type": 3
    },
    {
        "category": 1,
        "content": 345861016,
        "source": 2,
        "timestamp": 1721480187980,
        "type": 3
    },
    {
        "category": 1,
        "content": 350238928,
        "source": 2,
        "timestamp": 1721480188069,
        "type": 3
    },
    {
        "category": 1,
        "content": 354616840,
        "source": 2,
        "timestamp": 1721480188204,
        "type": 3
    },
    {
        "category": 1,
        "content": 358994752,
        "source": 2,
        "timestamp": 1721480188294,
        "type": 3
    },
    {
        "category": 1,
        "content": 363372664,
        "source": 2,
        "timestamp": 1721480188383,
        "type": 3
    },
    {
        "category": 1,
        "module": "/mnt/lustre/a2fs-work3/work/m23oc/m23oc/s2484724/miniconda3/envs/gmy-tool/lib/libitkgdcmDSED-5.2.so.1",
        "phase": 3,
        "source": 2,
        "timestamp": 1721480188500,
        "type": 5
    }
]
[
    {
        "category": 1,
        "module": "/lib64/libc-2.31.so",
        "phase": 3,
        "source": 2,
        "timestamp": 1721480148909,
        "type": 5
    },
    {
        "category": 1,
        "module": "/mnt/lustre/a2fs-work3/work/m23oc/m23oc/s2484724/miniconda3/envs/gmy-tool/lib/libstdc++.so.6.0.33",
        "phase": 3,
        "source": 2,
        "timestamp": 1721480151086,
        "type": 5
    },
    {
        "category": 1,
        "module": "/mnt/lustre/a2fs-work3/work/m23oc/m23oc/s2484724/miniconda3/envs/gmy-tool/lib/python3.8/site-packages/vtkmodules/vtkCommonExecutionModel.cpython-38-x86_64-linux-gnu.so",
        "phase": 3,
        "source": 2,
        "timestamp": 1721480151476,
        "type": 5
    },
    {
        "category": 1,
        "module": "/mnt/lustre/a2fs-work3/work/m23oc/m23oc/s2484724/miniconda3/envs/gmy-tool/lib/libvtkCommonCore-9.1.so.9.1.0",
        "phase": 3,
        "source": 2,
        "timestamp": 1721480170868,
        "type": 5
    },
    {
        "category": 1,
        "content": 4378296,
        "source": 2,
        "timestamp": 1721480171656,
        "type": 3
    },
    {
        "category": 1,
        "module": "/mnt/lustre/a2fs-work3/work/m23oc/m23oc/s2484724/miniconda3/envs/gmy-tool/lib/libvtkFiltersParallelDIY2-9.1.so.9.1.0",
        "phase": 3,
        "source": 2,
        "timestamp": 1721480172823,
        "type": 5
    },
    {
        "category": 1,
        "module": "/mnt/lustre/a2fs-work3/work/m23oc/m23oc/s2484724/miniconda3/envs/gmy-tool/lib/python3.8/site-packages/numpy/random/_generator.cpython-38-x86_64-linux-gnu.so",
        "phase": 3,
        "source": 2,
        "timestamp": 1721480174960,
        "type": 5
    },
    {
        "category": 1,
        "content": 8756520,
        "source": 2,
        "timestamp": 1721480175092,
        "type": 3
    },
    {
        "category": 1,
        "module": "/mnt/lustre/a2fs-work3/work/m23oc/m23oc/s2484724/miniconda3/envs/gmy-tool/lib/libvtkIOGeometry-9.1.so.9.1.0",
        "phase": 3,
        "source": 2,
        "timestamp": 1721480175099,
        "type": 5
    },
    {
        "category": 1,
        "module": "/mnt/lustre/a2fs-work3/work/m23oc/m23oc/s2484724/miniconda3/envs/gmy-tool/lib/libvtkCommonDataModel-9.1.so.9.1.0",
        "phase": 3,
        "source": 2,
        "timestamp": 1721480175184,
        "type": 5
    },
    {
        "category": 1,
        "module": "/mnt/lustre/a2fs-work3/work/m23oc/m23oc/s2484724/miniconda3/envs/gmy-tool/lib/python3.8/lib-dynload/math.cpython-38-x86_64-linux-gnu.so",
        "phase": 3,
        "source": 2,
        "timestamp": 1721480175252,
        "type": 5
    },
    {
        "category": 1,
        "module": "/mnt/lustre/a2fs-work3/work/m23oc/m23oc/s2484724/miniconda3/envs/gmy-tool/lib/libitkgdcmcharls-5.2.so.1",
        "phase": 3,
        "source": 2,
        "timestamp": 1721480179571,
        "type": 5
    },
    {
        "category": 1,
        "module": "/mnt/lustre/a2fs-work3/work/m23oc/m23oc/s2484724/miniconda3/envs/gmy-tool/lib/libhdf5_cpp.so.200.2.0",
        "phase": 3,
        "source": 2,
        "timestamp": 1721480179583,
        "type": 5
    },
    {
        "category": 1,
        "module": "/mnt/lustre/a2fs-work3/work/m23oc/m23oc/s2484724/miniconda3/envs/gmy-tool/lib/libvtkCommonExecutionModel-9.1.so.9.1.0",
        "phase": 3,
        "source": 2,
        "timestamp": 1721480180041,
        "type": 5
    },
    {
        "category": 1,
        "module": "/lib64/libm-2.31.so",
        "phase": 3,
        "source": 2,
        "timestamp": 1721480180083,
        "type": 5
    },
    {
        "category": 1,
        "module": "/mnt/lustre/a2fs-work3/work/m23oc/m23oc/s2484724/miniconda3/envs/gmy-tool/lib/libvtkCommonTransforms-9.1.so.9.1.0",
        "phase": 3,
        "source": 2,
        "timestamp": 1721480180116,
        "type": 5
    },
    {
        "category": 1,
        "module": "/mnt/lustre/a2fs-work3/work/m23oc/m23oc/s2484724/miniconda3/envs/gmy-tool/lib/python3.8/site-packages/HlbGmyTool/Model/Generation.cpython-38-x86_64-linux-gnu.so",
        "phase": 3,
        "source": 2,
        "timestamp": 1721480180147,
        "type": 5
    },
    {
        "category": 1,
        "module": "/mnt/lustre/a2fs-work3/work/m23oc/m23oc/s2484724/miniconda3/envs/gmy-tool/lib/libquadmath.so.0.0.0",
        "phase": 3,
        "source": 2,
        "timestamp": 1721480180210,
        "type": 5
    },
    {
        "category": 1,
        "module": "/mnt/lustre/a2fs-work3/work/m23oc/m23oc/s2484724/miniconda3/envs/gmy-tool/lib/libz.so.1.2.13",
        "phase": 3,
        "source": 2,
        "timestamp": 1721480180227,
        "type": 5
    },
    {
        "category": 1,
        "module": "/lib64/libpthread-2.31.so",
        "phase": 3,
        "source": 2,
        "timestamp": 1721480180233,
        "type": 5
    },
    {
        "category": 1,
        "content": 13133976,
        "source": 2,
        "timestamp": 1721480180253,
        "type": 3
    },
    {
        "category": 1,
        "content": 17512072,
        "source": 2,
        "timestamp": 1721480180334,
        "type": 3
    },
    {
        "category": 1,
        "content": 21889984,
        "source": 2,
        "timestamp": 1721480180411,
        "type": 3
    },
    {
        "category": 1,
        "content": 26268512,
        "source": 2,
        "timestamp": 1721480180491,
        "type": 3
    },
    {
        "category": 1,
        "content": 30646424,
        "source": 2,
        "timestamp": 1721480180611,
        "type": 3
    },
    {
        "category": 1,
        "content": 35024336,
        "source": 2,
        "timestamp": 1721480180692,
        "type": 3
    },
    {
        "category": 1,
        "content": 39402248,
        "source": 2,
        "timestamp": 1721480180776,
        "type": 3
    },
    {
        "category": 1,
        "content": 43780160,
        "source": 2,
        "timestamp": 1721480180857,
        "type": 3
    },
    {
        "category": 1,
        "content": 48158072,
        "source": 2,
        "timestamp": 1721480180937,
        "type": 3
    },
    {
        "category": 1,
        "content": 52535984,
        "source": 2,
        "timestamp": 1721480181018,
        "type": 3
    },
    {
        "category": 1,
        "content": 56913896,
        "source": 2,
        "timestamp": 1721480181105,
        "type": 3
    },
    {
        "category": 1,
        "content": 61291808,
        "source": 2,
        "timestamp": 1721480181292,
        "type": 3
    },
    {
        "category": 1,
        "content": 65670336,
        "source": 2,
        "timestamp": 1721480181384,
        "type": 3
    },
    {
        "category": 1,
        "content": 70048248,
        "source": 2,
        "timestamp": 1721480181485,
        "type": 3
    },
    {
        "category": 1,
        "content": 74426160,
        "source": 2,
        "timestamp": 1721480181585,
        "type": 3
    },
    {
        "category": 1,
        "content": 78804072,
        "source": 2,
        "timestamp": 1721480181668,
        "type": 3
    },
    {
        "category": 1,
        "content": 83181984,
        "source": 2,
        "timestamp": 1721480181749,
        "type": 3
    },
    {
        "category": 1,
        "content": 87559896,
        "source": 2,
        "timestamp": 1721480181917,
        "type": 3
    },
    {
        "category": 1,
        "content": 91937808,
        "source": 2,
        "timestamp": 1721480182007,
        "type": 3
    },
    {
        "category": 1,
        "content": 96315720,
        "source": 2,
        "timestamp": 1721480182092,
        "type": 3
    },
    {
        "category": 1,
        "content": 100693632,
        "source": 2,
        "timestamp": 1721480182174,
        "type": 3
    },
    {
        "category": 1,
        "content": 105072160,
        "source": 2,
        "timestamp": 1721480182254,
        "type": 3
    },
    {
        "category": 1,
        "content": 109450072,
        "source": 2,
        "timestamp": 1721480182406,
        "type": 3
    },
    {
        "category": 1,
        "content": 113827984,
        "source": 2,
        "timestamp": 1721480182495,
        "type": 3
    },
    {
        "category": 1,
        "content": 118205896,
        "source": 2,
        "timestamp": 1721480182578,
        "type": 3
    },
    {
        "category": 1,
        "content": 122583808,
        "source": 2,
        "timestamp": 1721480182662,
        "type": 3
    },
    {
        "category": 1,
        "content": 126961720,
        "source": 2,
        "timestamp": 1721480182762,
        "type": 3
    },
    {
        "category": 1,
        "content": 131339632,
        "source": 2,
        "timestamp": 1721480182919,
        "type": 3
    },
    {
        "category": 1,
        "content": 135717544,
        "source": 2,
        "timestamp": 1721480183015,
        "type": 3
    },
    {
        "category": 1,
        "content": 140096072,
        "source": 2,
        "timestamp": 1721480183104,
        "type": 3
    },
    {
        "category": 1,
        "content": 144473984,
        "source": 2,
        "timestamp": 1721480183190,
        "type": 3
    },
    {
        "category": 1,
        "content": 148851896,
        "source": 2,
        "timestamp": 1721480183273,
        "type": 3
    },
    {
        "category": 1,
        "content": 153229808,
        "source": 2,
        "timestamp": 1721480183355,
        "type": 3
    },
    {
        "category": 1,
        "content": 157607720,
        "source": 2,
        "timestamp": 1721480183438,
        "type": 3
    },
    {
        "category": 1,
        "content": 161985632,
        "source": 2,
        "timestamp": 1721480183633,
        "type": 3
    },
    {
        "category": 1,
        "content": 166363544,
        "source": 2,
        "timestamp": 1721480183722,
        "type": 3
    },
    {
        "category": 1,
        "content": 170741456,
        "source": 2,
        "timestamp": 1721480183811,
        "type": 3
    },
    {
        "category": 1,
        "content": 175119368,
        "source": 2,
        "timestamp": 1721480183896,
        "type": 3
    },
    {
        "category": 1,
        "content": 179497896,
        "source": 2,
        "timestamp": 1721480183979,
        "type": 3
    },
    {
        "category": 1,
        "content": 183875808,
        "source": 2,
        "timestamp": 1721480184063,
        "type": 3
    },
    {
        "category": 1,
        "content": 188253720,
        "source": 2,
        "timestamp": 1721480184146,
        "type": 3
    },
    {
        "category": 1,
        "content": 192631632,
        "source": 2,
        "timestamp": 1721480184336,
        "type": 3
    },
    {
        "category": 1,
        "content": 197009544,
        "source": 2,
        "timestamp": 1721480184426,
        "type": 3
    },
    {
        "category": 1,
        "content": 201387456,
        "source": 2,
        "timestamp": 1721480184517,
        "type": 3
    },
    {
        "category": 1,
        "content": 205765368,
        "source": 2,
        "timestamp": 1721480184604,
        "type": 3
    },
    {
        "category": 1,
        "content": 210143280,
        "source": 2,
        "timestamp": 1721480184689,
        "type": 3
    },
    {
        "category": 1,
        "content": 214521192,
        "source": 2,
        "timestamp": 1721480184771,
        "type": 3
    },
    {
        "category": 1,
        "content": 218899720,
        "source": 2,
        "timestamp": 1721480184958,
        "type": 3
    },
    {
        "category": 1,
        "content": 223277632,
        "source": 2,
        "timestamp": 1721480185048,
        "type": 3
    },
    {
        "category": 1,
        "content": 227655544,
        "source": 2,
        "timestamp": 1721480185139,
        "type": 3
    },
    {
        "category": 1,
        "content": 232033456,
        "source": 2,
        "timestamp": 1721480185228,
        "type": 3
    },
    {
        "category": 1,
        "content": 236411368,
        "source": 2,
        "timestamp": 1721480185312,
        "type": 3
    },
    {
        "category": 1,
        "content": 240789280,
        "source": 2,
        "timestamp": 1721480185395,
        "type": 3
    },
    {
        "category": 1,
        "content": 245167192,
        "source": 2,
        "timestamp": 1721480185591,
        "type": 3
    },
    {
        "category": 1,
        "content": 249545104,
        "source": 2,
        "timestamp": 1721480185681,
        "type": 3
    },
    {
        "category": 1,
        "content": 253923632,
        "source": 2,
        "timestamp": 1721480185769,
        "type": 3
    },
    {
        "category": 1,
        "content": 258301544,
        "source": 2,
        "timestamp": 1721480185853,
        "type": 3
    },
    {
        "category": 1,
        "content": 262679456,
        "source": 2,
        "timestamp": 1721480186004,
        "type": 3
    },
    {
        "category": 1,
        "content": 267057368,
        "source": 2,
        "timestamp": 1721480186094,
        "type": 3
    },
    {
        "category": 1,
        "content": 271435280,
        "source": 2,
        "timestamp": 1721480186183,
        "type": 3
    },
    {
        "category": 1,
        "content": 275813192,
        "source": 2,
        "timestamp": 1721480186272,
        "type": 3
    },
    {
        "category": 1,
        "content": 280191104,
        "source": 2,
        "timestamp": 1721480186358,
        "type": 3
    },
    {
        "category": 1,
        "content": 284569016,
        "source": 2,
        "timestamp": 1721480186442,
        "type": 3
    },
    {
        "category": 1,
        "content": 288946928,
        "source": 2,
        "timestamp": 1721480186619,
        "type": 3
    },
    {
        "category": 1,
        "content": 293325456,
        "source": 2,
        "timestamp": 1721480186719,
        "type": 3
    },
    {
        "category": 1,
        "content": 297703368,
        "source": 2,
        "timestamp": 1721480186809,
        "type": 3
    },
    {
        "category": 1,
        "content": 302081280,
        "source": 2,
        "timestamp": 1721480186902,
        "type": 3
    },
    {
        "category": 1,
        "content": 306459192,
        "source": 2,
        "timestamp": 1721480187008,
        "type": 3
    },
    {
        "category": 1,
        "content": 310837104,
        "source": 2,
        "timestamp": 1721480187092,
        "type": 3
    },
    {
        "category": 1,
        "content": 315215016,
        "source": 2,
        "timestamp": 1721480187261,
        "type": 3
    },
    {
        "category": 1,
        "content": 319592928,
        "source": 2,
        "timestamp": 1721480187350,
        "type": 3
    },
    {
        "category": 1,
        "content": 323970840,
        "source": 2,
        "timestamp": 1721480187440,
        "type": 3
    },
    {
        "category": 1,
        "content": 328348752,
        "source": 2,
        "timestamp": 1721480187528,
        "type": 3
    },
    {
        "category": 1,
        "content": 332727280,
        "source": 2,
        "timestamp": 1721480187614,
        "type": 3
    },
    {
        "category": 1,
        "content": 337105192,
        "source": 2,
        "timestamp": 1721480187697,
        "type": 3
    },
    {
        "category": 1,
        "content": 341483104,
        "source": 2,
        "timestamp": 1721480187891,
        "type": 3
    },
    {
        "category": 1,
        "content": 345861016,
        "source": 2,
        "timestamp": 1721480187980,
        "type": 3
    },
    {
        "category": 1,
        "content": 350238928,
        "source": 2,
        "timestamp": 1721480188069,
        "type": 3
    },
    {
        "category": 1,
        "content": 354616840,
        "source": 2,
        "timestamp": 1721480188204,
        "type": 3
    },
    {
        "category": 1,
        "content": 358994752,
        "source": 2,
        "timestamp": 1721480188294,
        "type": 3
    },
    {
        "category": 1,
        "content": 363372664,
        "source": 2,
        "timestamp": 1721480188383,
        "type": 3
    },
    {
        "category": 1,
        "module": "/mnt/lustre/a2fs-work3/work/m23oc/m23oc/s2484724/miniconda3/envs/gmy-tool/lib/libitkgdcmDSED-5.2.so.1",
        "phase": 3,
        "source": 2,
        "timestamp": 1721480188500,
        "type": 5
    }
]
